"","GEOID","Domain","Index","Number","Percent","NAMELSAD","COUNTYFP","CountyName","Ordering","Label"
"1","51029930202","density","norm",0,17.845422430534,"Tract 9302.02","029","Buckingham",1,"Population Density"
"2","51029930202","room15","norm",0.09,0.2,"Tract 9302.02","029","Buckingham",1,">1.5 Ppl/Room"
"3","51029930202","nocar","norm",0.34,9.4,"Tract 9302.02","029","Buckingham",1,"No Car Access"
"4","51029930202","und6","norm",0.36,18.7,"Tract 9302.02","029","Buckingham",1,"Children Aged <6"
"5","51029930202","nobb","norm",0.75,36.8,"Tract 9302.02","029","Buckingham",1,"No Broadband"
"6","51029930202","nofood","norm",0.02,99.0159932469909,"Tract 9302.02","029","Buckingham",1,"Low Food Access"
"7","51029930202","index","norm",1.55,NA,"Tract 9302.02","029","Buckingham",1,"Composite Score"
"8","51029930202","density","rank",1,17.845422430534,"Tract 9302.02","029","Buckingham",1,"Population Density"
"9","51029930202","room15","rank",1.75,0.2,"Tract 9302.02","029","Buckingham",1,">1.5 Ppl/Room"
"10","51029930202","nocar","rank",7.98,9.4,"Tract 9302.02","029","Buckingham",1,"No Car Access"
"11","51029930202","und6","rank",7.1,18.7,"Tract 9302.02","029","Buckingham",1,"Children Aged <6"
"12","51029930202","nobb","rank",8.78,36.8,"Tract 9302.02","029","Buckingham",1,"No Broadband"
"13","51029930202","nofood","rank",2.98,99.0159932469909,"Tract 9302.02","029","Buckingham",1,"Low Food Access"
"14","51029930202","index","rank",4.46,NA,"Tract 9302.02","029","Buckingham",1,"Composite Score"
"15","51029930201","density","norm",0,56.3741519557033,"Tract 9302.01","029","Buckingham",1,"Population Density"
"16","51029930201","room15","norm",0.86,1.9,"Tract 9302.01","029","Buckingham",1,">1.5 Ppl/Room"
"17","51029930201","nocar","norm",0.2,5.5,"Tract 9302.01","029","Buckingham",1,"No Car Access"
"18","51029930201","und6","norm",0.37,19.2,"Tract 9302.01","029","Buckingham",1,"Children Aged <6"
"19","51029930201","nobb","norm",0.86,41.9,"Tract 9302.01","029","Buckingham",1,"No Broadband"
"20","51029930201","nofood","norm",0.09,99.0915207829516,"Tract 9302.01","029","Buckingham",1,"Low Food Access"
"21","51029930201","index","norm",2.39,NA,"Tract 9302.01","029","Buckingham",1,"Composite Score"
"22","51029930201","density","rank",3.14,56.3741519557033,"Tract 9302.01","029","Buckingham",1,"Population Density"
"23","51029930201","room15","rank",9.62,1.9,"Tract 9302.01","029","Buckingham",1,">1.5 Ppl/Room"
"24","51029930201","nocar","rank",6.59,5.5,"Tract 9302.01","029","Buckingham",1,"No Car Access"
"25","51029930201","und6","rank",7.25,19.2,"Tract 9302.01","029","Buckingham",1,"Children Aged <6"
"26","51029930201","nobb","rank",9.69,41.9,"Tract 9302.01","029","Buckingham",1,"No Broadband"
"27","51029930201","nofood","rank",5.12,99.0915207829516,"Tract 9302.01","029","Buckingham",1,"Low Food Access"
"28","51029930201","index","rank",6.14,NA,"Tract 9302.01","029","Buckingham",1,"Composite Score"
"29","51029930102","density","norm",0,33.5550904642283,"Tract 9301.02","029","Buckingham",1,"Population Density"
"30","51029930102","room15","norm",0,0,"Tract 9301.02","029","Buckingham",1,">1.5 Ppl/Room"
"31","51029930102","nocar","norm",0.16,4.4,"Tract 9301.02","029","Buckingham",1,"No Car Access"
"32","51029930102","und6","norm",0.54,26.1,"Tract 9301.02","029","Buckingham",1,"Children Aged <6"
"33","51029930102","nobb","norm",0.98,47.3,"Tract 9301.02","029","Buckingham",1,"No Broadband"
"34","51029930102","nofood","norm",0,99.0000000015412,"Tract 9301.02","029","Buckingham",1,"Low Food Access"
"35","51029930102","index","norm",1.68,NA,"Tract 9301.02","029","Buckingham",1,"Composite Score"
"36","51029930102","density","rank",1.76,33.5550904642283,"Tract 9301.02","029","Buckingham",1,"Population Density"
"37","51029930102","room15","rank",1,0,"Tract 9301.02","029","Buckingham",1,">1.5 Ppl/Room"
"38","51029930102","nocar","rank",5.5,4.4,"Tract 9301.02","029","Buckingham",1,"No Car Access"
"39","51029930102","und6","rank",8.78,26.1,"Tract 9301.02","029","Buckingham",1,"Children Aged <6"
"40","51029930102","nobb","rank",9.85,47.3,"Tract 9301.02","029","Buckingham",1,"No Broadband"
"41","51029930102","nofood","rank",1.76,99.0000000015412,"Tract 9301.02","029","Buckingham",1,"Low Food Access"
"42","51029930102","index","rank",4.36,NA,"Tract 9301.02","029","Buckingham",1,"Composite Score"
"43","51029930101","density","norm",0,28.56602456705,"Tract 9301.01","029","Buckingham",1,"Population Density"
"44","51029930101","room15","norm",0.36,0.8,"Tract 9301.01","029","Buckingham",1,">1.5 Ppl/Room"
"45","51029930101","nocar","norm",0.16,4.5,"Tract 9301.01","029","Buckingham",1,"No Car Access"
"46","51029930101","und6","norm",0.17,11,"Tract 9301.01","029","Buckingham",1,"Children Aged <6"
"47","51029930101","nobb","norm",0.78,38.2,"Tract 9301.01","029","Buckingham",1,"No Broadband"
"48","51029930101","nofood","norm",0,99.0000090792622,"Tract 9301.01","029","Buckingham",1,"Low Food Access"
"49","51029930101","index","norm",1.48,NA,"Tract 9301.01","029","Buckingham",1,"Composite Score"
"50","51029930101","density","rank",1.61,28.56602456705,"Tract 9301.01","029","Buckingham",1,"Population Density"
"51","51029930101","room15","rank",5.88,0.8,"Tract 9301.01","029","Buckingham",1,">1.5 Ppl/Room"
"52","51029930101","nocar","rank",5.66,4.5,"Tract 9301.01","029","Buckingham",1,"No Car Access"
"53","51029930101","und6","rank",2.22,11,"Tract 9301.01","029","Buckingham",1,"Children Aged <6"
"54","51029930101","nobb","rank",9.39,38.2,"Tract 9301.01","029","Buckingham",1,"No Broadband"
"55","51029930101","nofood","rank",2.07,99.0000090792622,"Tract 9301.01","029","Buckingham",1,"Low Food Access"
"56","51029930101","index","rank",3.25,NA,"Tract 9301.01","029","Buckingham",1,"Composite Score"
"57","51003011400","density","norm",0,45.0659225896534,"Tract 114","003","Albemarle",2,"Population Density"
"58","51003011400","room15","norm",0.55,1.2,"Tract 114","003","Albemarle",2,">1.5 Ppl/Room"
"59","51003011400","nocar","norm",0.09,2.6,"Tract 114","003","Albemarle",2,"No Car Access"
"60","51003011400","und6","norm",0.22,13.2,"Tract 114","003","Albemarle",2,"Children Aged <6"
"61","51003011400","nobb","norm",0.64,31.6,"Tract 114","003","Albemarle",2,"No Broadband"
"62","51003011400","nofood","norm",0.15,99.1452966827686,"Tract 114","003","Albemarle",2,"Low Food Access"
"63","51003011400","index","norm",1.65,NA,"Tract 114","003","Albemarle",2,"Composite Score"
"64","51003011400","density","rank",2.37,45.0659225896534,"Tract 114","003","Albemarle",2,"Population Density"
"65","51003011400","room15","rank",7,1.2,"Tract 114","003","Albemarle",2,">1.5 Ppl/Room"
"66","51003011400","nocar","rank",3.79,2.6,"Tract 114","003","Albemarle",2,"No Car Access"
"67","51003011400","und6","rank",3.59,13.2,"Tract 114","003","Albemarle",2,"Children Aged <6"
"68","51003011400","nobb","rank",8.47,31.6,"Tract 114","003","Albemarle",2,"No Broadband"
"69","51003011400","nofood","rank",5.42,99.1452966827686,"Tract 114","003","Albemarle",2,"Low Food Access"
"70","51003011400","index","rank",4,NA,"Tract 114","003","Albemarle",2,"Composite Score"
"71","51003011303","density","norm",0.12,1717.27900494297,"Tract 113.03","003","Albemarle",2,"Population Density"
"72","51003011303","room15","norm",0.23,0.5,"Tract 113.03","003","Albemarle",2,">1.5 Ppl/Room"
"73","51003011303","nocar","norm",0.02,0.5,"Tract 113.03","003","Albemarle",2,"No Car Access"
"74","51003011303","und6","norm",0.47,23.1,"Tract 113.03","003","Albemarle",2,"Children Aged <6"
"75","51003011303","nobb","norm",0,2.2,"Tract 113.03","003","Albemarle",2,"No Broadband"
"76","51003011303","nofood","norm",0.99,99.986252965568,"Tract 113.03","003","Albemarle",2,"Low Food Access"
"77","51003011303","index","norm",1.81,NA,"Tract 113.03","003","Albemarle",2,"Composite Score"
"78","51003011303","density","rank",7.25,1717.27900494297,"Tract 113.03","003","Albemarle",2,"Population Density"
"79","51003011303","room15","rank",2.88,0.5,"Tract 113.03","003","Albemarle",2,">1.5 Ppl/Room"
"80","51003011303","nocar","rank",1.78,0.5,"Tract 113.03","003","Albemarle",2,"No Car Access"
"81","51003011303","und6","rank",8.63,23.1,"Tract 113.03","003","Albemarle",2,"Children Aged <6"
"82","51003011303","nobb","rank",1,2.2,"Tract 113.03","003","Albemarle",2,"No Broadband"
"83","51003011303","nofood","rank",8.63,99.986252965568,"Tract 113.03","003","Albemarle",2,"Low Food Access"
"84","51003011303","index","rank",4.46,NA,"Tract 113.03","003","Albemarle",2,"Composite Score"
"85","51003011302","density","norm",0.28,4203.9799877462,"Tract 113.02","003","Albemarle",2,"Population Density"
"86","51003011302","room15","norm",0.64,1.4,"Tract 113.02","003","Albemarle",2,">1.5 Ppl/Room"
"87","51003011302","nocar","norm",0.22,6,"Tract 113.02","003","Albemarle",2,"No Car Access"
"88","51003011302","und6","norm",0.71,32.8,"Tract 113.02","003","Albemarle",2,"Children Aged <6"
"89","51003011302","nobb","norm",0.59,29.4,"Tract 113.02","003","Albemarle",2,"No Broadband"
"90","51003011302","nofood","norm",0.31,99.3088660337363,"Tract 113.02","003","Albemarle",2,"Low Food Access"
"91","51003011302","index","norm",2.74,NA,"Tract 113.02","003","Albemarle",2,"Composite Score"
"92","51003011302","density","rank",8.63,4203.9799877462,"Tract 113.02","003","Albemarle",2,"Population Density"
"93","51003011302","room15","rank",8.5,1.4,"Tract 113.02","003","Albemarle",2,">1.5 Ppl/Room"
"94","51003011302","nocar","rank",6.9,6,"Tract 113.02","003","Albemarle",2,"No Car Access"
"95","51003011302","und6","rank",9.69,32.8,"Tract 113.02","003","Albemarle",2,"Children Aged <6"
"96","51003011302","nobb","rank",8.02,29.4,"Tract 113.02","003","Albemarle",2,"No Broadband"
"97","51003011302","nofood","rank",6.49,99.3088660337363,"Tract 113.02","003","Albemarle",2,"Low Food Access"
"98","51003011302","index","rank",7.89,NA,"Tract 113.02","003","Albemarle",2,"Composite Score"
"99","51003011301","density","norm",0,57.0960663828428,"Tract 113.01","003","Albemarle",2,"Population Density"
"100","51003011301","room15","norm",0,0,"Tract 113.01","003","Albemarle",2,">1.5 Ppl/Room"
"101","51003011301","nocar","norm",0.01,0.4,"Tract 113.01","003","Albemarle",2,"No Car Access"
"102","51003011301","und6","norm",0.06,6.5,"Tract 113.01","003","Albemarle",2,"Children Aged <6"
"103","51003011301","nobb","norm",0.43,21.8,"Tract 113.01","003","Albemarle",2,"No Broadband"
"104","51003011301","nofood","norm",0.07,99.0657015646598,"Tract 113.01","003","Albemarle",2,"Low Food Access"
"105","51003011301","index","norm",0.57,NA,"Tract 113.01","003","Albemarle",2,"Composite Score"
"106","51003011301","density","rank",3.44,57.0960663828428,"Tract 113.01","003","Albemarle",2,"Population Density"
"107","51003011301","room15","rank",1,0,"Tract 113.01","003","Albemarle",2,">1.5 Ppl/Room"
"108","51003011301","nocar","rank",1.62,0.4,"Tract 113.01","003","Albemarle",2,"No Car Access"
"109","51003011301","und6","rank",1.15,6.5,"Tract 113.01","003","Albemarle",2,"Children Aged <6"
"110","51003011301","nobb","rank",5.73,21.8,"Tract 113.01","003","Albemarle",2,"No Broadband"
"111","51003011301","nofood","rank",4.2,99.0657015646598,"Tract 113.01","003","Albemarle",2,"Low Food Access"
"112","51003011301","index","rank",1.68,NA,"Tract 113.01","003","Albemarle",2,"Composite Score"
"113","51003011202","density","norm",0.01,94.7293070518399,"Tract 112.02","003","Albemarle",2,"Population Density"
"114","51003011202","room15","norm",0,0,"Tract 112.02","003","Albemarle",2,">1.5 Ppl/Room"
"115","51003011202","nocar","norm",0.03,0.8,"Tract 112.02","003","Albemarle",2,"No Car Access"
"116","51003011202","und6","norm",0.2,12.4,"Tract 112.02","003","Albemarle",2,"Children Aged <6"
"117","51003011202","nobb","norm",0.17,10.2,"Tract 112.02","003","Albemarle",2,"No Broadband"
"118","51003011202","nofood","norm",0,98.9999999914272,"Tract 112.02","003","Albemarle",2,"Low Food Access"
"119","51003011202","index","norm",0.41,NA,"Tract 112.02","003","Albemarle",2,"Composite Score"
"120","51003011202","density","rank",5.12,94.7293070518399,"Tract 112.02","003","Albemarle",2,"Population Density"
"121","51003011202","room15","rank",1,0,"Tract 112.02","003","Albemarle",2,">1.5 Ppl/Room"
"122","51003011202","nocar","rank",1.93,0.8,"Tract 112.02","003","Albemarle",2,"No Car Access"
"123","51003011202","und6","rank",2.68,12.4,"Tract 112.02","003","Albemarle",2,"Children Aged <6"
"124","51003011202","nobb","rank",2.37,10.2,"Tract 112.02","003","Albemarle",2,"No Broadband"
"125","51003011202","nofood","rank",1.15,98.9999999914272,"Tract 112.02","003","Albemarle",2,"Low Food Access"
"126","51003011202","index","rank",1,NA,"Tract 112.02","003","Albemarle",2,"Composite Score"
"127","51003011201","density","norm",0,45.5098404724615,"Tract 112.01","003","Albemarle",2,"Population Density"
"128","51003011201","room15","norm",0,0,"Tract 112.01","003","Albemarle",2,">1.5 Ppl/Room"
"129","51003011201","nocar","norm",0.04,1.1,"Tract 112.01","003","Albemarle",2,"No Car Access"
"130","51003011201","und6","norm",0.27,15.1,"Tract 112.01","003","Albemarle",2,"Children Aged <6"
"131","51003011201","nobb","norm",0.43,22.1,"Tract 112.01","003","Albemarle",2,"No Broadband"
"132","51003011201","nofood","norm",0.06,99.0613382858419,"Tract 112.01","003","Albemarle",2,"Low Food Access"
"133","51003011201","index","norm",0.81,NA,"Tract 112.01","003","Albemarle",2,"Composite Score"
"134","51003011201","density","rank",2.53,45.5098404724615,"Tract 112.01","003","Albemarle",2,"Population Density"
"135","51003011201","room15","rank",1,0,"Tract 112.01","003","Albemarle",2,">1.5 Ppl/Room"
"136","51003011201","nocar","rank",2.09,1.1,"Tract 112.01","003","Albemarle",2,"No Car Access"
"137","51003011201","und6","rank",4.97,15.1,"Tract 112.01","003","Albemarle",2,"Children Aged <6"
"138","51003011201","nobb","rank",5.88,22.1,"Tract 112.01","003","Albemarle",2,"No Broadband"
"139","51003011201","nofood","rank",4.05,99.0613382858419,"Tract 112.01","003","Albemarle",2,"Low Food Access"
"140","51003011201","index","rank",2.46,NA,"Tract 112.01","003","Albemarle",2,"Composite Score"
"141","51003011100","density","norm",0.03,483.58476113874,"Tract 111","003","Albemarle",2,"Population Density"
"142","51003011100","room15","norm",0,0,"Tract 111","003","Albemarle",2,">1.5 Ppl/Room"
"143","51003011100","nocar","norm",0.09,2.4,"Tract 111","003","Albemarle",2,"No Car Access"
"144","51003011100","und6","norm",0.42,21,"Tract 111","003","Albemarle",2,"Children Aged <6"
"145","51003011100","nobb","norm",0.3,15.9,"Tract 111","003","Albemarle",2,"No Broadband"
"146","51003011100","nofood","norm",0.62,99.6233910769534,"Tract 111","003","Albemarle",2,"Low Food Access"
"147","51003011100","index","norm",1.45,NA,"Tract 111","003","Albemarle",2,"Composite Score"
"148","51003011100","density","rank",6.34,483.58476113874,"Tract 111","003","Albemarle",2,"Population Density"
"149","51003011100","room15","rank",1,0,"Tract 111","003","Albemarle",2,">1.5 Ppl/Room"
"150","51003011100","nocar","rank",3.64,2.4,"Tract 111","003","Albemarle",2,"No Car Access"
"151","51003011100","und6","rank",8.47,21,"Tract 111","003","Albemarle",2,"Children Aged <6"
"152","51003011100","nobb","rank",4.2,15.9,"Tract 111","003","Albemarle",2,"No Broadband"
"153","51003011100","nofood","rank",7.1,99.6233910769534,"Tract 111","003","Albemarle",2,"Low Food Access"
"154","51003011100","index","rank",4.86,NA,"Tract 111","003","Albemarle",2,"Composite Score"
"155","51003011000","density","norm",0.01,219.852703350529,"Tract 110","003","Albemarle",2,"Population Density"
"156","51003011000","room15","norm",0,0,"Tract 110","003","Albemarle",2,">1.5 Ppl/Room"
"157","51003011000","nocar","norm",0.05,1.3,"Tract 110","003","Albemarle",2,"No Car Access"
"158","51003011000","und6","norm",0.24,14,"Tract 110","003","Albemarle",2,"Children Aged <6"
"159","51003011000","nobb","norm",0.11,7.09999999999999,"Tract 110","003","Albemarle",2,"No Broadband"
"160","51003011000","nofood","norm",0.04,99.0424646128878,"Tract 110","003","Albemarle",2,"Low Food Access"
"161","51003011000","index","norm",0.45,NA,"Tract 110","003","Albemarle",2,"Composite Score"
"162","51003011000","density","rank",6.03,219.852703350529,"Tract 110","003","Albemarle",2,"Population Density"
"163","51003011000","room15","rank",1,0,"Tract 110","003","Albemarle",2,">1.5 Ppl/Room"
"164","51003011000","nocar","rank",2.71,1.3,"Tract 110","003","Albemarle",2,"No Car Access"
"165","51003011000","und6","rank",3.75,14,"Tract 110","003","Albemarle",2,"Children Aged <6"
"166","51003011000","nobb","rank",1.15,7.09999999999999,"Tract 110","003","Albemarle",2,"No Broadband"
"167","51003011000","nofood","rank",3.44,99.0424646128878,"Tract 110","003","Albemarle",2,"Low Food Access"
"168","51003011000","index","rank",1.89,NA,"Tract 110","003","Albemarle",2,"Composite Score"
"169","51003010902","density","norm",0.29,4295.60952504684,"Tract 109.02","003","Albemarle",2,"Population Density"
"170","51003010902","room15","norm",0.59,1.3,"Tract 109.02","003","Albemarle",2,">1.5 Ppl/Room"
"171","51003010902","nocar","norm",0.78,21.7,"Tract 109.02","003","Albemarle",2,"No Car Access"
"172","51003010902","und6","norm",0.62,29.3,"Tract 109.02","003","Albemarle",2,"Children Aged <6"
"173","51003010902","nobb","norm",0.26,14,"Tract 109.02","003","Albemarle",2,"No Broadband"
"174","51003010902","nofood","norm",0.88,99.875893710937,"Tract 109.02","003","Albemarle",2,"Low Food Access"
"175","51003010902","index","norm",3.41,NA,"Tract 109.02","003","Albemarle",2,"Composite Score"
"176","51003010902","density","rank",8.78,4295.60952504684,"Tract 109.02","003","Albemarle",2,"Population Density"
"177","51003010902","room15","rank",8.12,1.3,"Tract 109.02","003","Albemarle",2,">1.5 Ppl/Room"
"178","51003010902","nocar","rank",9.69,21.7,"Tract 109.02","003","Albemarle",2,"No Car Access"
"179","51003010902","und6","rank",9.39,29.3,"Tract 109.02","003","Albemarle",2,"Children Aged <6"
"180","51003010902","nobb","rank",3.14,14,"Tract 109.02","003","Albemarle",2,"No Broadband"
"181","51003010902","nofood","rank",7.86,99.875893710937,"Tract 109.02","003","Albemarle",2,"Low Food Access"
"182","51003010902","index","rank",7.64,NA,"Tract 109.02","003","Albemarle",2,"Composite Score"
"183","51003010901","density","norm",0.21,3092.04473431214,"Tract 109.01","003","Albemarle",2,"Population Density"
"184","51003010901","room15","norm",0,0,"Tract 109.01","003","Albemarle",2,">1.5 Ppl/Room"
"185","51003010901","nocar","norm",0.49,13.8,"Tract 109.01","003","Albemarle",2,"No Car Access"
"186","51003010901","und6","norm",0.65,30.4,"Tract 109.01","003","Albemarle",2,"Children Aged <6"
"187","51003010901","nobb","norm",0.29,15.5,"Tract 109.01","003","Albemarle",2,"No Broadband"
"188","51003010901","nofood","norm",1,100,"Tract 109.01","003","Albemarle",2,"Low Food Access"
"189","51003010901","index","norm",2.64,NA,"Tract 109.01","003","Albemarle",2,"Composite Score"
"190","51003010901","density","rank",8.17,3092.04473431214,"Tract 109.01","003","Albemarle",2,"Population Density"
"191","51003010901","room15","rank",1,0,"Tract 109.01","003","Albemarle",2,">1.5 Ppl/Room"
"192","51003010901","nocar","rank",8.91,13.8,"Tract 109.01","003","Albemarle",2,"No Car Access"
"193","51003010901","und6","rank",9.54,30.4,"Tract 109.01","003","Albemarle",2,"Children Aged <6"
"194","51003010901","nobb","rank",4.05,15.5,"Tract 109.01","003","Albemarle",2,"No Broadband"
"195","51003010901","nofood","rank",10,100,"Tract 109.01","003","Albemarle",2,"Low Food Access"
"196","51003010901","index","rank",7.39,NA,"Tract 109.01","003","Albemarle",2,"Composite Score"
"197","51003010800","density","norm",0.07,1008.56019402397,"Tract 108","003","Albemarle",2,"Population Density"
"198","51003010800","room15","norm",0,0,"Tract 108","003","Albemarle",2,">1.5 Ppl/Room"
"199","51003010800","nocar","norm",0.39,10.9,"Tract 108","003","Albemarle",2,"No Car Access"
"200","51003010800","und6","norm",0.34,17.8,"Tract 108","003","Albemarle",2,"Children Aged <6"
"201","51003010800","nobb","norm",0.2,11.6,"Tract 108","003","Albemarle",2,"No Broadband"
"202","51003010800","nofood","norm",0.85,99.8527734773987,"Tract 108","003","Albemarle",2,"Low Food Access"
"203","51003010800","index","norm",1.85,NA,"Tract 108","003","Albemarle",2,"Composite Score"
"204","51003010800","density","rank",6.95,1008.56019402397,"Tract 108","003","Albemarle",2,"Population Density"
"205","51003010800","room15","rank",1,0,"Tract 108","003","Albemarle",2,">1.5 Ppl/Room"
"206","51003010800","nocar","rank",8.14,10.9,"Tract 108","003","Albemarle",2,"No Car Access"
"207","51003010800","und6","rank",6.49,17.8,"Tract 108","003","Albemarle",2,"Children Aged <6"
"208","51003010800","nobb","rank",2.68,11.6,"Tract 108","003","Albemarle",2,"No Broadband"
"209","51003010800","nofood","rank",7.71,99.8527734773987,"Tract 108","003","Albemarle",2,"Low Food Access"
"210","51003010800","index","rank",5.36,NA,"Tract 108","003","Albemarle",2,"Composite Score"
"211","51003010700","density","norm",0.32,4707.88363761506,"Tract 107","003","Albemarle",2,"Population Density"
"212","51003010700","room15","norm",0.23,0.5,"Tract 107","003","Albemarle",2,">1.5 Ppl/Room"
"213","51003010700","nocar","norm",0.28,7.8,"Tract 107","003","Albemarle",2,"No Car Access"
"214","51003010700","und6","norm",0.4,20.2,"Tract 107","003","Albemarle",2,"Children Aged <6"
"215","51003010700","nobb","norm",0.17,10.1,"Tract 107","003","Albemarle",2,"No Broadband"
"216","51003010700","nofood","norm",1,100,"Tract 107","003","Albemarle",2,"Low Food Access"
"217","51003010700","index","norm",2.39,NA,"Tract 107","003","Albemarle",2,"Composite Score"
"218","51003010700","density","rank",8.93,4707.88363761506,"Tract 107","003","Albemarle",2,"Population Density"
"219","51003010700","room15","rank",2.88,0.5,"Tract 107","003","Albemarle",2,">1.5 Ppl/Room"
"220","51003010700","nocar","rank",7.67,7.8,"Tract 107","003","Albemarle",2,"No Car Access"
"221","51003010700","und6","rank",7.86,20.2,"Tract 107","003","Albemarle",2,"Children Aged <6"
"222","51003010700","nobb","rank",2.22,10.1,"Tract 107","003","Albemarle",2,"No Broadband"
"223","51003010700","nofood","rank",10,100,"Tract 107","003","Albemarle",2,"Low Food Access"
"224","51003010700","index","rank",6.64,NA,"Tract 107","003","Albemarle",2,"Composite Score"
"225","51003010602","density","norm",0.13,2006.80135843697,"Tract 106.02","003","Albemarle",2,"Population Density"
"226","51003010602","room15","norm",0,0,"Tract 106.02","003","Albemarle",2,">1.5 Ppl/Room"
"227","51003010602","nocar","norm",0.1,2.9,"Tract 106.02","003","Albemarle",2,"No Car Access"
"228","51003010602","und6","norm",0.25,14.3,"Tract 106.02","003","Albemarle",2,"Children Aged <6"
"229","51003010602","nobb","norm",0.11,7.3,"Tract 106.02","003","Albemarle",2,"No Broadband"
"230","51003010602","nofood","norm",0.07,99.0708461265302,"Tract 106.02","003","Albemarle",2,"Low Food Access"
"231","51003010602","index","norm",0.67,NA,"Tract 106.02","003","Albemarle",2,"Composite Score"
"232","51003010602","density","rank",7.56,2006.80135843697,"Tract 106.02","003","Albemarle",2,"Population Density"
"233","51003010602","room15","rank",1,0,"Tract 106.02","003","Albemarle",2,">1.5 Ppl/Room"
"234","51003010602","nocar","rank",4.41,2.9,"Tract 106.02","003","Albemarle",2,"No Car Access"
"235","51003010602","und6","rank",4.2,14.3,"Tract 106.02","003","Albemarle",2,"Children Aged <6"
"236","51003010602","nobb","rank",1.31,7.3,"Tract 106.02","003","Albemarle",2,"No Broadband"
"237","51003010602","nofood","rank",4.51,99.0708461265302,"Tract 106.02","003","Albemarle",2,"Low Food Access"
"238","51003010602","index","rank",3.04,NA,"Tract 106.02","003","Albemarle",2,"Composite Score"
"239","51003010601","density","norm",0.17,2556.99427012613,"Tract 106.01","003","Albemarle",2,"Population Density"
"240","51003010601","room15","norm",0,0,"Tract 106.01","003","Albemarle",2,">1.5 Ppl/Room"
"241","51003010601","nocar","norm",0.59,16.6,"Tract 106.01","003","Albemarle",2,"No Car Access"
"242","51003010601","und6","norm",0.33,17.5,"Tract 106.01","003","Albemarle",2,"Children Aged <6"
"243","51003010601","nobb","norm",0.49,24.8,"Tract 106.01","003","Albemarle",2,"No Broadband"
"244","51003010601","nofood","norm",0.93,99.9291653558832,"Tract 106.01","003","Albemarle",2,"Low Food Access"
"245","51003010601","index","norm",2.52,NA,"Tract 106.01","003","Albemarle",2,"Composite Score"
"246","51003010601","density","rank",7.71,2556.99427012613,"Tract 106.01","003","Albemarle",2,"Population Density"
"247","51003010601","room15","rank",1,0,"Tract 106.01","003","Albemarle",2,">1.5 Ppl/Room"
"248","51003010601","nocar","rank",9.22,16.6,"Tract 106.01","003","Albemarle",2,"No Car Access"
"249","51003010601","und6","rank",6.34,17.5,"Tract 106.01","003","Albemarle",2,"Children Aged <6"
"250","51003010601","nobb","rank",6.49,24.8,"Tract 106.01","003","Albemarle",2,"No Broadband"
"251","51003010601","nofood","rank",8.17,99.9291653558832,"Tract 106.01","003","Albemarle",2,"Low Food Access"
"252","51003010601","index","rank",6.75,NA,"Tract 106.01","003","Albemarle",2,"Composite Score"
"253","51003010500","density","norm",0.04,566.8831259182,"Tract 105","003","Albemarle",2,"Population Density"
"254","51003010500","room15","norm",0,0,"Tract 105","003","Albemarle",2,">1.5 Ppl/Room"
"255","51003010500","nocar","norm",0.28,7.7,"Tract 105","003","Albemarle",2,"No Car Access"
"256","51003010500","und6","norm",0.4,20.2,"Tract 105","003","Albemarle",2,"Children Aged <6"
"257","51003010500","nobb","norm",0.27,14.8,"Tract 105","003","Albemarle",2,"No Broadband"
"258","51003010500","nofood","norm",0.71,99.7139005959389,"Tract 105","003","Albemarle",2,"Low Food Access"
"259","51003010500","index","norm",1.7,NA,"Tract 105","003","Albemarle",2,"Composite Score"
"260","51003010500","density","rank",6.64,566.8831259182,"Tract 105","003","Albemarle",2,"Population Density"
"261","51003010500","room15","rank",1,0,"Tract 105","003","Albemarle",2,">1.5 Ppl/Room"
"262","51003010500","nocar","rank",7.52,7.7,"Tract 105","003","Albemarle",2,"No Car Access"
"263","51003010500","und6","rank",7.86,20.2,"Tract 105","003","Albemarle",2,"Children Aged <6"
"264","51003010500","nobb","rank",3.9,14.8,"Tract 105","003","Albemarle",2,"No Broadband"
"265","51003010500","nofood","rank",7.41,99.7139005959389,"Tract 105","003","Albemarle",2,"Low Food Access"
"266","51003010500","index","rank",5.68,NA,"Tract 105","003","Albemarle",2,"Composite Score"
"267","51003010402","density","norm",0.01,155.771749467427,"Tract 104.02","003","Albemarle",2,"Population Density"
"268","51003010402","room15","norm",0,0,"Tract 104.02","003","Albemarle",2,">1.5 Ppl/Room"
"269","51003010402","nocar","norm",0.05,1.3,"Tract 104.02","003","Albemarle",2,"No Car Access"
"270","51003010402","und6","norm",0,4.2,"Tract 104.02","003","Albemarle",2,"Children Aged <6"
"271","51003010402","nobb","norm",0.15,9.3,"Tract 104.02","003","Albemarle",2,"No Broadband"
"272","51003010402","nofood","norm",0.01,99.0123963456453,"Tract 104.02","003","Albemarle",2,"Low Food Access"
"273","51003010402","index","norm",0.22,NA,"Tract 104.02","003","Albemarle",2,"Composite Score"
"274","51003010402","density","rank",5.58,155.771749467427,"Tract 104.02","003","Albemarle",2,"Population Density"
"275","51003010402","room15","rank",1,0,"Tract 104.02","003","Albemarle",2,">1.5 Ppl/Room"
"276","51003010402","nocar","rank",2.71,1.3,"Tract 104.02","003","Albemarle",2,"No Car Access"
"277","51003010402","und6","rank",1,4.2,"Tract 104.02","003","Albemarle",2,"Children Aged <6"
"278","51003010402","nobb","rank",1.92,9.3,"Tract 104.02","003","Albemarle",2,"No Broadband"
"279","51003010402","nofood","rank",2.68,99.0123963456453,"Tract 104.02","003","Albemarle",2,"Low Food Access"
"280","51003010402","index","rank",1.14,NA,"Tract 104.02","003","Albemarle",2,"Composite Score"
"281","51003010401","density","norm",0,44.9563680698569,"Tract 104.01","003","Albemarle",2,"Population Density"
"282","51003010401","room15","norm",0,0,"Tract 104.01","003","Albemarle",2,">1.5 Ppl/Room"
"283","51003010401","nocar","norm",0.07,2,"Tract 104.01","003","Albemarle",2,"No Car Access"
"284","51003010401","und6","norm",0.33,17.5,"Tract 104.01","003","Albemarle",2,"Children Aged <6"
"285","51003010401","nobb","norm",0.54,27.2,"Tract 104.01","003","Albemarle",2,"No Broadband"
"286","51003010401","nofood","norm",0,99.0000178047489,"Tract 104.01","003","Albemarle",2,"Low Food Access"
"287","51003010401","index","norm",0.95,NA,"Tract 104.01","003","Albemarle",2,"Composite Score"
"288","51003010401","density","rank",2.22,44.9563680698569,"Tract 104.01","003","Albemarle",2,"Population Density"
"289","51003010401","room15","rank",1,0,"Tract 104.01","003","Albemarle",2,">1.5 Ppl/Room"
"290","51003010401","nocar","rank",3.33,2,"Tract 104.01","003","Albemarle",2,"No Car Access"
"291","51003010401","und6","rank",6.34,17.5,"Tract 104.01","003","Albemarle",2,"Children Aged <6"
"292","51003010401","nobb","rank",7.25,27.2,"Tract 104.01","003","Albemarle",2,"No Broadband"
"293","51003010401","nofood","rank",2.22,99.0000178047489,"Tract 104.01","003","Albemarle",2,"Low Food Access"
"294","51003010401","index","rank",2.89,NA,"Tract 104.01","003","Albemarle",2,"Composite Score"
"295","51003010300","density","norm",0.06,947.814081770374,"Tract 103","003","Albemarle",2,"Population Density"
"296","51003010300","room15","norm",0,0,"Tract 103","003","Albemarle",2,">1.5 Ppl/Room"
"297","51003010300","nocar","norm",0.06,1.7,"Tract 103","003","Albemarle",2,"No Car Access"
"298","51003010300","und6","norm",0.39,19.9,"Tract 103","003","Albemarle",2,"Children Aged <6"
"299","51003010300","nobb","norm",0.2,11.4,"Tract 103","003","Albemarle",2,"No Broadband"
"300","51003010300","nofood","norm",0.64,99.6432748122506,"Tract 103","003","Albemarle",2,"Low Food Access"
"301","51003010300","index","norm",1.36,NA,"Tract 103","003","Albemarle",2,"Composite Score"
"302","51003010300","density","rank",6.8,947.814081770374,"Tract 103","003","Albemarle",2,"Population Density"
"303","51003010300","room15","rank",1,0,"Tract 103","003","Albemarle",2,">1.5 Ppl/Room"
"304","51003010300","nocar","rank",3.02,1.7,"Tract 103","003","Albemarle",2,"No Car Access"
"305","51003010300","und6","rank",7.56,19.9,"Tract 103","003","Albemarle",2,"Children Aged <6"
"306","51003010300","nobb","rank",2.53,11.4,"Tract 103","003","Albemarle",2,"No Broadband"
"307","51003010300","nofood","rank",7.25,99.6432748122506,"Tract 103","003","Albemarle",2,"Low Food Access"
"308","51003010300","index","rank",4.25,NA,"Tract 103","003","Albemarle",2,"Composite Score"
"309","51003010202","density","norm",0.01,139.863934824822,"Tract 102.02","003","Albemarle",2,"Population Density"
"310","51003010202","room15","norm",0,0,"Tract 102.02","003","Albemarle",2,">1.5 Ppl/Room"
"311","51003010202","nocar","norm",0,0,"Tract 102.02","003","Albemarle",2,"No Car Access"
"312","51003010202","und6","norm",0.3,16.2,"Tract 102.02","003","Albemarle",2,"Children Aged <6"
"313","51003010202","nobb","norm",0.16,9.7,"Tract 102.02","003","Albemarle",2,"No Broadband"
"314","51003010202","nofood","norm",0.09,99.0882161063527,"Tract 102.02","003","Albemarle",2,"Low Food Access"
"315","51003010202","index","norm",0.56,NA,"Tract 102.02","003","Albemarle",2,"Composite Score"
"316","51003010202","density","rank",5.42,139.863934824822,"Tract 102.02","003","Albemarle",2,"Population Density"
"317","51003010202","room15","rank",1,0,"Tract 102.02","003","Albemarle",2,">1.5 Ppl/Room"
"318","51003010202","nocar","rank",1,0,"Tract 102.02","003","Albemarle",2,"No Car Access"
"319","51003010202","und6","rank",5.73,16.2,"Tract 102.02","003","Albemarle",2,"Children Aged <6"
"320","51003010202","nobb","rank",2.07,9.7,"Tract 102.02","003","Albemarle",2,"No Broadband"
"321","51003010202","nofood","rank",4.97,99.0882161063527,"Tract 102.02","003","Albemarle",2,"Low Food Access"
"322","51003010202","index","rank",2.39,NA,"Tract 102.02","003","Albemarle",2,"Composite Score"
"323","51003010201","density","norm",0.01,175.01614911515,"Tract 102.01","003","Albemarle",2,"Population Density"
"324","51003010201","room15","norm",0,0,"Tract 102.01","003","Albemarle",2,">1.5 Ppl/Room"
"325","51003010201","nocar","norm",0,0,"Tract 102.01","003","Albemarle",2,"No Car Access"
"326","51003010201","und6","norm",0.26,14.7,"Tract 102.01","003","Albemarle",2,"Children Aged <6"
"327","51003010201","nobb","norm",0.12,7.5,"Tract 102.01","003","Albemarle",2,"No Broadband"
"328","51003010201","nofood","norm",0,99.0024846614911,"Tract 102.01","003","Albemarle",2,"Low Food Access"
"329","51003010201","index","norm",0.39,NA,"Tract 102.01","003","Albemarle",2,"Composite Score"
"330","51003010201","density","rank",5.73,175.01614911515,"Tract 102.01","003","Albemarle",2,"Population Density"
"331","51003010201","room15","rank",1,0,"Tract 102.01","003","Albemarle",2,">1.5 Ppl/Room"
"332","51003010201","nocar","rank",1,0,"Tract 102.01","003","Albemarle",2,"No Car Access"
"333","51003010201","und6","rank",4.81,14.7,"Tract 102.01","003","Albemarle",2,"Children Aged <6"
"334","51003010201","nobb","rank",1.46,7.5,"Tract 102.01","003","Albemarle",2,"No Broadband"
"335","51003010201","nofood","rank",2.37,99.0024846614911,"Tract 102.01","003","Albemarle",2,"Low Food Access"
"336","51003010201","index","rank",1.5,NA,"Tract 102.01","003","Albemarle",2,"Composite Score"
"337","51003010100","density","norm",0,39.6400230259439,"Tract 101","003","Albemarle",2,"Population Density"
"338","51003010100","room15","norm",0.36,0.8,"Tract 101","003","Albemarle",2,">1.5 Ppl/Room"
"339","51003010100","nocar","norm",0.04,1.2,"Tract 101","003","Albemarle",2,"No Car Access"
"340","51003010100","und6","norm",0.12,8.9,"Tract 101","003","Albemarle",2,"Children Aged <6"
"341","51003010100","nobb","norm",0.44,22.6,"Tract 101","003","Albemarle",2,"No Broadband"
"342","51003010100","nofood","norm",0,98.9999999891372,"Tract 101","003","Albemarle",2,"Low Food Access"
"343","51003010100","index","norm",0.97,NA,"Tract 101","003","Albemarle",2,"Composite Score"
"344","51003010100","density","rank",1.92,39.6400230259439,"Tract 101","003","Albemarle",2,"Population Density"
"345","51003010100","room15","rank",5.88,0.8,"Tract 101","003","Albemarle",2,">1.5 Ppl/Room"
"346","51003010100","nocar","rank",2.4,1.2,"Tract 101","003","Albemarle",2,"No Car Access"
"347","51003010100","und6","rank",1.46,8.9,"Tract 101","003","Albemarle",2,"Children Aged <6"
"348","51003010100","nobb","rank",6.03,22.6,"Tract 101","003","Albemarle",2,"No Broadband"
"349","51003010100","nofood","rank",1,98.9999999891372,"Tract 101","003","Albemarle",2,"Low Food Access"
"350","51003010100","index","rank",1.36,NA,"Tract 101","003","Albemarle",2,"Composite Score"
"351","51125950300","density","norm",0,24.8952105118822,"Tract 9503","125","Nelson",3,"Population Density"
"352","51125950300","room15","norm",0.32,0.7,"Tract 9503","125","Nelson",3,">1.5 Ppl/Room"
"353","51125950300","nocar","norm",0.31,8.6,"Tract 9503","125","Nelson",3,"No Car Access"
"354","51125950300","und6","norm",0.21,12.7,"Tract 9503","125","Nelson",3,"Children Aged <6"
"355","51125950300","nobb","norm",0.78,38.1,"Tract 9503","125","Nelson",3,"No Broadband"
"356","51125950300","nofood","norm",0.06,99.0559270085897,"Tract 9503","125","Nelson",3,"Low Food Access"
"357","51125950300","index","norm",1.67,NA,"Tract 9503","125","Nelson",3,"Composite Score"
"358","51125950300","density","rank",1.15,24.8952105118822,"Tract 9503","125","Nelson",3,"Population Density"
"359","51125950300","room15","rank",5.12,0.7,"Tract 9503","125","Nelson",3,">1.5 Ppl/Room"
"360","51125950300","nocar","rank",7.83,8.6,"Tract 9503","125","Nelson",3,"No Car Access"
"361","51125950300","und6","rank",3.29,12.7,"Tract 9503","125","Nelson",3,"Children Aged <6"
"362","51125950300","nobb","rank",9.08,38.1,"Tract 9503","125","Nelson",3,"No Broadband"
"363","51125950300","nofood","rank",3.9,99.0559270085897,"Tract 9503","125","Nelson",3,"Low Food Access"
"364","51125950300","index","rank",4.18,NA,"Tract 9503","125","Nelson",3,"Composite Score"
"365","51125950200","density","norm",0,57.0106242867041,"Tract 9502","125","Nelson",3,"Population Density"
"366","51125950200","room15","norm",0,0,"Tract 9502","125","Nelson",3,">1.5 Ppl/Room"
"367","51125950200","nocar","norm",0.18,5,"Tract 9502","125","Nelson",3,"No Car Access"
"368","51125950200","und6","norm",0.21,12.5,"Tract 9502","125","Nelson",3,"Children Aged <6"
"369","51125950200","nobb","norm",0.49,24.9,"Tract 9502","125","Nelson",3,"No Broadband"
"370","51125950200","nofood","norm",0.1,99.0983568455894,"Tract 9502","125","Nelson",3,"Low Food Access"
"371","51125950200","index","norm",0.98,NA,"Tract 9502","125","Nelson",3,"Composite Score"
"372","51125950200","density","rank",3.29,57.0106242867041,"Tract 9502","125","Nelson",3,"Population Density"
"373","51125950200","room15","rank",1,0,"Tract 9502","125","Nelson",3,">1.5 Ppl/Room"
"374","51125950200","nocar","rank",6.12,5,"Tract 9502","125","Nelson",3,"No Car Access"
"375","51125950200","und6","rank",2.83,12.5,"Tract 9502","125","Nelson",3,"Children Aged <6"
"376","51125950200","nobb","rank",6.64,24.9,"Tract 9502","125","Nelson",3,"No Broadband"
"377","51125950200","nofood","rank",5.27,99.0983568455894,"Tract 9502","125","Nelson",3,"Low Food Access"
"378","51125950200","index","rank",3.54,NA,"Tract 9502","125","Nelson",3,"Composite Score"
"379","51125950100","density","norm",0,25.9251424685687,"Tract 9501","125","Nelson",3,"Population Density"
"380","51125950100","room15","norm",0,0,"Tract 9501","125","Nelson",3,">1.5 Ppl/Room"
"381","51125950100","nocar","norm",0.25,7.1,"Tract 9501","125","Nelson",3,"No Car Access"
"382","51125950100","und6","norm",0.21,12.6,"Tract 9501","125","Nelson",3,"Children Aged <6"
"383","51125950100","nobb","norm",1,48.2,"Tract 9501","125","Nelson",3,"No Broadband"
"384","51125950100","nofood","norm",0.05,99.0487265447336,"Tract 9501","125","Nelson",3,"Low Food Access"
"385","51125950100","index","norm",1.51,NA,"Tract 9501","125","Nelson",3,"Composite Score"
"386","51125950100","density","rank",1.31,25.9251424685687,"Tract 9501","125","Nelson",3,"Population Density"
"387","51125950100","room15","rank",1,0,"Tract 9501","125","Nelson",3,">1.5 Ppl/Room"
"388","51125950100","nocar","rank",7.21,7.1,"Tract 9501","125","Nelson",3,"No Car Access"
"389","51125950100","und6","rank",3.14,12.6,"Tract 9501","125","Nelson",3,"Children Aged <6"
"390","51125950100","nobb","rank",10,48.2,"Tract 9501","125","Nelson",3,"No Broadband"
"391","51125950100","nofood","rank",3.59,99.0487265447336,"Tract 9501","125","Nelson",3,"Low Food Access"
"392","51125950100","index","rank",3.79,NA,"Tract 9501","125","Nelson",3,"Composite Score"
"393","51540001000","density","norm",0.26,3815.88591263676,"Tract 10","540","Charlottesville",4,"Population Density"
"394","51540001000","room15","norm",0.55,1.2,"Tract 10","540","Charlottesville",4,">1.5 Ppl/Room"
"395","51540001000","nocar","norm",0.46,12.9,"Tract 10","540","Charlottesville",4,"No Car Access"
"396","51540001000","und6","norm",0.34,18.1,"Tract 10","540","Charlottesville",4,"Children Aged <6"
"397","51540001000","nobb","norm",0.14,8.8,"Tract 10","540","Charlottesville",4,"No Broadband"
"398","51540001000","nofood","norm",1,100,"Tract 10","540","Charlottesville",4,"Low Food Access"
"399","51540001000","index","norm",2.75,NA,"Tract 10","540","Charlottesville",4,"Composite Score"
"400","51540001000","density","rank",8.47,3815.88591263676,"Tract 10","540","Charlottesville",4,"Population Density"
"401","51540001000","room15","rank",7,1.2,"Tract 10","540","Charlottesville",4,">1.5 Ppl/Room"
"402","51540001000","nocar","rank",8.76,12.9,"Tract 10","540","Charlottesville",4,"No Car Access"
"403","51540001000","und6","rank",6.64,18.1,"Tract 10","540","Charlottesville",4,"Children Aged <6"
"404","51540001000","nobb","rank",1.76,8.8,"Tract 10","540","Charlottesville",4,"No Broadband"
"405","51540001000","nofood","rank",10,100,"Tract 10","540","Charlottesville",4,"Low Food Access"
"406","51540001000","index","rank",6.79,NA,"Tract 10","540","Charlottesville",4,"Composite Score"
"407","51540000900","density","norm",0.12,1773.75719717697,"Tract 9","540","Charlottesville",4,"Population Density"
"408","51540000900","room15","norm",0,0,"Tract 9","540","Charlottesville",4,">1.5 Ppl/Room"
"409","51540000900","nocar","norm",0.13,3.7,"Tract 9","540","Charlottesville",4,"No Car Access"
"410","51540000900","und6","norm",0.28,15.6,"Tract 9","540","Charlottesville",4,"Children Aged <6"
"411","51540000900","nobb","norm",0.24,13.4,"Tract 9","540","Charlottesville",4,"No Broadband"
"412","51540000900","nofood","norm",0.74,99.7356171481188,"Tract 9","540","Charlottesville",4,"Low Food Access"
"413","51540000900","index","norm",1.51,NA,"Tract 9","540","Charlottesville",4,"Composite Score"
"414","51540000900","density","rank",7.41,1773.75719717697,"Tract 9","540","Charlottesville",4,"Population Density"
"415","51540000900","room15","rank",1,0,"Tract 9","540","Charlottesville",4,">1.5 Ppl/Room"
"416","51540000900","nocar","rank",5.19,3.7,"Tract 9","540","Charlottesville",4,"No Car Access"
"417","51540000900","und6","rank",5.58,15.6,"Tract 9","540","Charlottesville",4,"Children Aged <6"
"418","51540000900","nobb","rank",2.83,13.4,"Tract 9","540","Charlottesville",4,"No Broadband"
"419","51540000900","nofood","rank",7.56,99.7356171481188,"Tract 9","540","Charlottesville",4,"Low Food Access"
"420","51540000900","index","rank",4.57,NA,"Tract 9","540","Charlottesville",4,"Composite Score"
"421","51540000800","density","norm",0.18,2606.74289525104,"Tract 8","540","Charlottesville",4,"Population Density"
"422","51540000800","room15","norm",0.73,1.6,"Tract 8","540","Charlottesville",4,">1.5 Ppl/Room"
"423","51540000800","nocar","norm",0.1,2.9,"Tract 8","540","Charlottesville",4,"No Car Access"
"424","51540000800","und6","norm",0.38,19.5,"Tract 8","540","Charlottesville",4,"Children Aged <6"
"425","51540000800","nobb","norm",0.42,21.5,"Tract 8","540","Charlottesville",4,"No Broadband"
"426","51540000800","nofood","norm",0.95,99.9527173801348,"Tract 8","540","Charlottesville",4,"Low Food Access"
"427","51540000800","index","norm",2.76,NA,"Tract 8","540","Charlottesville",4,"Composite Score"
"428","51540000800","density","rank",7.86,2606.74289525104,"Tract 8","540","Charlottesville",4,"Population Density"
"429","51540000800","room15","rank",9.25,1.6,"Tract 8","540","Charlottesville",4,">1.5 Ppl/Room"
"430","51540000800","nocar","rank",4.41,2.9,"Tract 8","540","Charlottesville",4,"No Car Access"
"431","51540000800","und6","rank",7.41,19.5,"Tract 8","540","Charlottesville",4,"Children Aged <6"
"432","51540000800","nobb","rank",5.58,21.5,"Tract 8","540","Charlottesville",4,"No Broadband"
"433","51540000800","nofood","rank",8.32,99.9527173801348,"Tract 8","540","Charlottesville",4,"Low Food Access"
"434","51540000800","index","rank",6.54,NA,"Tract 8","540","Charlottesville",4,"Composite Score"
"435","51540000700","density","norm",0.21,3082.6213614144,"Tract 7","540","Charlottesville",4,"Population Density"
"436","51540000700","room15","norm",0,0,"Tract 7","540","Charlottesville",4,">1.5 Ppl/Room"
"437","51540000700","nocar","norm",0.22,6.2,"Tract 7","540","Charlottesville",4,"No Car Access"
"438","51540000700","und6","norm",0.35,18.5,"Tract 7","540","Charlottesville",4,"Children Aged <6"
"439","51540000700","nobb","norm",0.3,16,"Tract 7","540","Charlottesville",4,"No Broadband"
"440","51540000700","nofood","norm",1,100,"Tract 7","540","Charlottesville",4,"Low Food Access"
"441","51540000700","index","norm",2.08,NA,"Tract 7","540","Charlottesville",4,"Composite Score"
"442","51540000700","density","rank",8.02,3082.6213614144,"Tract 7","540","Charlottesville",4,"Population Density"
"443","51540000700","room15","rank",1,0,"Tract 7","540","Charlottesville",4,">1.5 Ppl/Room"
"444","51540000700","nocar","rank",7.05,6.2,"Tract 7","540","Charlottesville",4,"No Car Access"
"445","51540000700","und6","rank",6.95,18.5,"Tract 7","540","Charlottesville",4,"Children Aged <6"
"446","51540000700","nobb","rank",4.36,16,"Tract 7","540","Charlottesville",4,"No Broadband"
"447","51540000700","nofood","rank",10,100,"Tract 7","540","Charlottesville",4,"Low Food Access"
"448","51540000700","index","rank",6.39,NA,"Tract 7","540","Charlottesville",4,"Composite Score"
"449","51540000600","density","norm",0.66,9764.77546851971,"Tract 6","540","Charlottesville",4,"Population Density"
"450","51540000600","room15","norm",0,0,"Tract 6","540","Charlottesville",4,">1.5 Ppl/Room"
"451","51540000600","nocar","norm",0.42,11.8,"Tract 6","540","Charlottesville",4,"No Car Access"
"452","51540000600","und6","norm",0.55,26.6,"Tract 6","540","Charlottesville",4,"Children Aged <6"
"453","51540000600","nobb","norm",0.26,14.2,"Tract 6","540","Charlottesville",4,"No Broadband"
"454","51540000600","nofood","norm",0.6,99.603514646044,"Tract 6","540","Charlottesville",4,"Low Food Access"
"455","51540000600","index","norm",2.5,NA,"Tract 6","540","Charlottesville",4,"Composite Score"
"456","51540000600","density","rank",9.85,9764.77546851971,"Tract 6","540","Charlottesville",4,"Population Density"
"457","51540000600","room15","rank",1,0,"Tract 6","540","Charlottesville",4,">1.5 Ppl/Room"
"458","51540000600","nocar","rank",8.29,11.8,"Tract 6","540","Charlottesville",4,"No Car Access"
"459","51540000600","und6","rank",8.93,26.6,"Tract 6","540","Charlottesville",4,"Children Aged <6"
"460","51540000600","nobb","rank",3.59,14.2,"Tract 6","540","Charlottesville",4,"No Broadband"
"461","51540000600","nofood","rank",6.95,99.603514646044,"Tract 6","540","Charlottesville",4,"Low Food Access"
"462","51540000600","index","rank",6.68,NA,"Tract 6","540","Charlottesville",4,"Composite Score"
"463","51540000502","density","norm",0.32,4729.60595895098,"Tract 5.02","540","Charlottesville",4,"Population Density"
"464","51540000502","room15","norm",0,0,"Tract 5.02","540","Charlottesville",4,">1.5 Ppl/Room"
"465","51540000502","nocar","norm",0.13,3.7,"Tract 5.02","540","Charlottesville",4,"No Car Access"
"466","51540000502","und6","norm",0.58,27.8,"Tract 5.02","540","Charlottesville",4,"Children Aged <6"
"467","51540000502","nobb","norm",0.27,14.8,"Tract 5.02","540","Charlottesville",4,"No Broadband"
"468","51540000502","nofood","norm",0.88,99.8773232837794,"Tract 5.02","540","Charlottesville",4,"Low Food Access"
"469","51540000502","index","norm",2.19,NA,"Tract 5.02","540","Charlottesville",4,"Composite Score"
"470","51540000502","density","rank",9.08,4729.60595895098,"Tract 5.02","540","Charlottesville",4,"Population Density"
"471","51540000502","room15","rank",1,0,"Tract 5.02","540","Charlottesville",4,">1.5 Ppl/Room"
"472","51540000502","nocar","rank",5.19,3.7,"Tract 5.02","540","Charlottesville",4,"No Car Access"
"473","51540000502","und6","rank",9.24,27.8,"Tract 5.02","540","Charlottesville",4,"Children Aged <6"
"474","51540000502","nobb","rank",3.9,14.8,"Tract 5.02","540","Charlottesville",4,"No Broadband"
"475","51540000502","nofood","rank",8.02,99.8773232837794,"Tract 5.02","540","Charlottesville",4,"Low Food Access"
"476","51540000502","index","rank",6.18,NA,"Tract 5.02","540","Charlottesville",4,"Composite Score"
"477","51540000501","density","norm",0.58,8544.88276301775,"Tract 5.01","540","Charlottesville",4,"Population Density"
"478","51540000501","room15","norm",0.59,1.3,"Tract 5.01","540","Charlottesville",4,">1.5 Ppl/Room"
"479","51540000501","nocar","norm",1,27.9,"Tract 5.01","540","Charlottesville",4,"No Car Access"
"480","51540000501","und6","norm",0.79,36.3,"Tract 5.01","540","Charlottesville",4,"Children Aged <6"
"481","51540000501","nobb","norm",0.59,29.3,"Tract 5.01","540","Charlottesville",4,"No Broadband"
"482","51540000501","nofood","norm",1,100,"Tract 5.01","540","Charlottesville",4,"Low Food Access"
"483","51540000501","index","norm",4.55,NA,"Tract 5.01","540","Charlottesville",4,"Composite Score"
"484","51540000501","density","rank",9.69,8544.88276301775,"Tract 5.01","540","Charlottesville",4,"Population Density"
"485","51540000501","room15","rank",8.12,1.3,"Tract 5.01","540","Charlottesville",4,">1.5 Ppl/Room"
"486","51540000501","nocar","rank",10,27.9,"Tract 5.01","540","Charlottesville",4,"No Car Access"
"487","51540000501","und6","rank",9.85,36.3,"Tract 5.01","540","Charlottesville",4,"Children Aged <6"
"488","51540000501","nobb","rank",7.86,29.3,"Tract 5.01","540","Charlottesville",4,"No Broadband"
"489","51540000501","nofood","rank",10,100,"Tract 5.01","540","Charlottesville",4,"Low Food Access"
"490","51540000501","index","rank",9.64,NA,"Tract 5.01","540","Charlottesville",4,"Composite Score"
"491","51540000402","density","norm",0.4,5933.06970202189,"Tract 4.02","540","Charlottesville",4,"Population Density"
"492","51540000402","room15","norm",0,0,"Tract 4.02","540","Charlottesville",4,">1.5 Ppl/Room"
"493","51540000402","nocar","norm",0.43,12.1,"Tract 4.02","540","Charlottesville",4,"No Car Access"
"494","51540000402","und6","norm",0.26,14.7,"Tract 4.02","540","Charlottesville",4,"Children Aged <6"
"495","51540000402","nobb","norm",0.45,22.9,"Tract 4.02","540","Charlottesville",4,"No Broadband"
"496","51540000402","nofood","norm",0.96,99.9648942547922,"Tract 4.02","540","Charlottesville",4,"Low Food Access"
"497","51540000402","index","norm",2.51,NA,"Tract 4.02","540","Charlottesville",4,"Composite Score"
"498","51540000402","density","rank",9.24,5933.06970202189,"Tract 4.02","540","Charlottesville",4,"Population Density"
"499","51540000402","room15","rank",1,0,"Tract 4.02","540","Charlottesville",4,">1.5 Ppl/Room"
"500","51540000402","nocar","rank",8.6,12.1,"Tract 4.02","540","Charlottesville",4,"No Car Access"
"501","51540000402","und6","rank",4.81,14.7,"Tract 4.02","540","Charlottesville",4,"Children Aged <6"
"502","51540000402","nobb","rank",6.19,22.9,"Tract 4.02","540","Charlottesville",4,"No Broadband"
"503","51540000402","nofood","rank",8.47,99.9648942547922,"Tract 4.02","540","Charlottesville",4,"Low Food Access"
"504","51540000402","index","rank",6.61,NA,"Tract 4.02","540","Charlottesville",4,"Composite Score"
"505","51540000401","density","norm",0.44,6516.85330067778,"Tract 4.01","540","Charlottesville",4,"Population Density"
"506","51540000401","room15","norm",0,0,"Tract 4.01","540","Charlottesville",4,">1.5 Ppl/Room"
"507","51540000401","nocar","norm",0.67,18.7,"Tract 4.01","540","Charlottesville",4,"No Car Access"
"508","51540000401","und6","norm",0.41,20.7,"Tract 4.01","540","Charlottesville",4,"Children Aged <6"
"509","51540000401","nobb","norm",0.6,29.9,"Tract 4.01","540","Charlottesville",4,"No Broadband"
"510","51540000401","nofood","norm",1,100,"Tract 4.01","540","Charlottesville",4,"Low Food Access"
"511","51540000401","index","norm",3.12,NA,"Tract 4.01","540","Charlottesville",4,"Composite Score"
"512","51540000401","density","rank",9.54,6516.85330067778,"Tract 4.01","540","Charlottesville",4,"Population Density"
"513","51540000401","room15","rank",1,0,"Tract 4.01","540","Charlottesville",4,">1.5 Ppl/Room"
"514","51540000401","nocar","rank",9.53,18.7,"Tract 4.01","540","Charlottesville",4,"No Car Access"
"515","51540000401","und6","rank",8.17,20.7,"Tract 4.01","540","Charlottesville",4,"Children Aged <6"
"516","51540000401","nobb","rank",8.17,29.9,"Tract 4.01","540","Charlottesville",4,"No Broadband"
"517","51540000401","nofood","rank",10,100,"Tract 4.01","540","Charlottesville",4,"Low Food Access"
"518","51540000401","index","rank",8.5,NA,"Tract 4.01","540","Charlottesville",4,"Composite Score"
"519","51540000302","density","norm",0.22,3252.53021206422,"Tract 3.02","540","Charlottesville",4,"Population Density"
"520","51540000302","room15","norm",0,0,"Tract 3.02","540","Charlottesville",4,">1.5 Ppl/Room"
"521","51540000302","nocar","norm",0.62,17.2,"Tract 3.02","540","Charlottesville",4,"No Car Access"
"522","51540000302","und6","norm",0.41,20.8,"Tract 3.02","540","Charlottesville",4,"Children Aged <6"
"523","51540000302","nobb","norm",0.36,18.6,"Tract 3.02","540","Charlottesville",4,"No Broadband"
"524","51540000302","nofood","norm",1,100,"Tract 3.02","540","Charlottesville",4,"Low Food Access"
"525","51540000302","index","norm",2.6,NA,"Tract 3.02","540","Charlottesville",4,"Composite Score"
"526","51540000302","density","rank",8.32,3252.53021206422,"Tract 3.02","540","Charlottesville",4,"Population Density"
"527","51540000302","room15","rank",1,0,"Tract 3.02","540","Charlottesville",4,">1.5 Ppl/Room"
"528","51540000302","nocar","rank",9.38,17.2,"Tract 3.02","540","Charlottesville",4,"No Car Access"
"529","51540000302","und6","rank",8.32,20.8,"Tract 3.02","540","Charlottesville",4,"Children Aged <6"
"530","51540000302","nobb","rank",4.81,18.6,"Tract 3.02","540","Charlottesville",4,"No Broadband"
"531","51540000302","nofood","rank",10,100,"Tract 3.02","540","Charlottesville",4,"Low Food Access"
"532","51540000302","index","rank",7.43,NA,"Tract 3.02","540","Charlottesville",4,"Composite Score"
"533","51540000202","density","norm",1,14766.7152400322,"Tract 2.02","540","Charlottesville",4,"Population Density"
"534","51540000202","room15","norm",1,2.2,"Tract 2.02","540","Charlottesville",4,">1.5 Ppl/Room"
"535","51540000202","nocar","norm",0.79,22,"Tract 2.02","540","Charlottesville",4,"No Car Access"
"536","51540000202","und6","norm",1,44.6,"Tract 2.02","540","Charlottesville",4,"Children Aged <6"
"537","51540000202","nobb","norm",0.62,30.6,"Tract 2.02","540","Charlottesville",4,"No Broadband"
"538","51540000202","nofood","norm",1,100,"Tract 2.02","540","Charlottesville",4,"Low Food Access"
"539","51540000202","index","norm",5.41,NA,"Tract 2.02","540","Charlottesville",4,"Composite Score"
"540","51540000202","density","rank",10,14766.7152400322,"Tract 2.02","540","Charlottesville",4,"Population Density"
"541","51540000202","room15","rank",10,2.2,"Tract 2.02","540","Charlottesville",4,">1.5 Ppl/Room"
"542","51540000202","nocar","rank",9.84,22,"Tract 2.02","540","Charlottesville",4,"No Car Access"
"543","51540000202","und6","rank",10,44.6,"Tract 2.02","540","Charlottesville",4,"Children Aged <6"
"544","51540000202","nobb","rank",8.32,30.6,"Tract 2.02","540","Charlottesville",4,"No Broadband"
"545","51540000202","nofood","rank",10,100,"Tract 2.02","540","Charlottesville",4,"Low Food Access"
"546","51540000202","index","rank",10,NA,"Tract 2.02","540","Charlottesville",4,"Composite Score"
"547","51540000201","density","norm",0.41,6132.92898208012,"Tract 2.01","540","Charlottesville",4,"Population Density"
"548","51540000201","room15","norm",0.09,0.2,"Tract 2.01","540","Charlottesville",4,">1.5 Ppl/Room"
"549","51540000201","nocar","norm",0.16,4.6,"Tract 2.01","540","Charlottesville",4,"No Car Access"
"550","51540000201","und6","norm",0.28,15.6,"Tract 2.01","540","Charlottesville",4,"Children Aged <6"
"551","51540000201","nobb","norm",0.26,14.1,"Tract 2.01","540","Charlottesville",4,"No Broadband"
"552","51540000201","nofood","norm",1,100,"Tract 2.01","540","Charlottesville",4,"Low Food Access"
"553","51540000201","index","norm",2.21,NA,"Tract 2.01","540","Charlottesville",4,"Composite Score"
"554","51540000201","density","rank",9.39,6132.92898208012,"Tract 2.01","540","Charlottesville",4,"Population Density"
"555","51540000201","room15","rank",1.75,0.2,"Tract 2.01","540","Charlottesville",4,">1.5 Ppl/Room"
"556","51540000201","nocar","rank",5.97,4.6,"Tract 2.01","540","Charlottesville",4,"No Car Access"
"557","51540000201","und6","rank",5.58,15.6,"Tract 2.01","540","Charlottesville",4,"Children Aged <6"
"558","51540000201","nobb","rank",3.44,14.1,"Tract 2.01","540","Charlottesville",4,"No Broadband"
"559","51540000201","nofood","rank",10,100,"Tract 2.01","540","Charlottesville",4,"Low Food Access"
"560","51540000201","index","rank",6,NA,"Tract 2.01","540","Charlottesville",4,"Composite Score"
"561","51113930200","density","norm",0,28.3032330524004,"Tract 9302","113","Madison",5,"Population Density"
"562","51113930200","room15","norm",0.32,0.7,"Tract 9302","113","Madison",5,">1.5 Ppl/Room"
"563","51113930200","nocar","norm",0.19,5.2,"Tract 9302","113","Madison",5,"No Car Access"
"564","51113930200","und6","norm",0.26,14.6,"Tract 9302","113","Madison",5,"Children Aged <6"
"565","51113930200","nobb","norm",0.78,38.2,"Tract 9302","113","Madison",5,"No Broadband"
"566","51113930200","nofood","norm",0.07,99.073647130071,"Tract 9302","113","Madison",5,"Low Food Access"
"567","51113930200","index","norm",1.62,NA,"Tract 9302","113","Madison",5,"Composite Score"
"568","51113930200","density","rank",1.46,28.3032330524004,"Tract 9302","113","Madison",5,"Population Density"
"569","51113930200","room15","rank",5.12,0.7,"Tract 9302","113","Madison",5,">1.5 Ppl/Room"
"570","51113930200","nocar","rank",6.28,5.2,"Tract 9302","113","Madison",5,"No Car Access"
"571","51113930200","und6","rank",4.36,14.6,"Tract 9302","113","Madison",5,"Children Aged <6"
"572","51113930200","nobb","rank",9.39,38.2,"Tract 9302","113","Madison",5,"No Broadband"
"573","51113930200","nofood","rank",4.66,99.073647130071,"Tract 9302","113","Madison",5,"Low Food Access"
"574","51113930200","index","rank",4.39,NA,"Tract 9302","113","Madison",5,"Composite Score"
"575","51113930100","density","norm",0,61.7530147186072,"Tract 9301","113","Madison",5,"Population Density"
"576","51113930100","room15","norm",0.5,1.1,"Tract 9301","113","Madison",5,">1.5 Ppl/Room"
"577","51113930100","nocar","norm",0.11,3.1,"Tract 9301","113","Madison",5,"No Car Access"
"578","51113930100","und6","norm",0.13,9.5,"Tract 9301","113","Madison",5,"Children Aged <6"
"579","51113930100","nobb","norm",0.5,25.3,"Tract 9301","113","Madison",5,"No Broadband"
"580","51113930100","nofood","norm",0.02,99.0214901638761,"Tract 9301","113","Madison",5,"Low Food Access"
"581","51113930100","index","norm",1.27,NA,"Tract 9301","113","Madison",5,"Composite Score"
"582","51113930100","density","rank",3.59,61.7530147186072,"Tract 9301","113","Madison",5,"Population Density"
"583","51113930100","room15","rank",6.25,1.1,"Tract 9301","113","Madison",5,">1.5 Ppl/Room"
"584","51113930100","nocar","rank",4.57,3.1,"Tract 9301","113","Madison",5,"No Car Access"
"585","51113930100","und6","rank",1.92,9.5,"Tract 9301","113","Madison",5,"Children Aged <6"
"586","51113930100","nobb","rank",6.8,25.3,"Tract 9301","113","Madison",5,"No Broadband"
"587","51113930100","nofood","rank",3.29,99.0214901638761,"Tract 9301","113","Madison",5,"Low Food Access"
"588","51113930100","index","rank",3.11,NA,"Tract 9301","113","Madison",5,"Composite Score"
"589","51109950500","density","norm",0,67.5769349176796,"Tract 9505","109","Louisa",6,"Population Density"
"590","51109950500","room15","norm",0,0,"Tract 9505","109","Louisa",6,">1.5 Ppl/Room"
"591","51109950500","nocar","norm",0.28,7.7,"Tract 9505","109","Louisa",6,"No Car Access"
"592","51109950500","und6","norm",0.26,14.7,"Tract 9505","109","Louisa",6,"Children Aged <6"
"593","51109950500","nobb","norm",0.51,25.5,"Tract 9505","109","Louisa",6,"No Broadband"
"594","51109950500","nofood","norm",0,98.9999999995332,"Tract 9505","109","Louisa",6,"Low Food Access"
"595","51109950500","index","norm",1.05,NA,"Tract 9505","109","Louisa",6,"Composite Score"
"596","51109950500","density","rank",4.05,67.5769349176796,"Tract 9505","109","Louisa",6,"Population Density"
"597","51109950500","room15","rank",1,0,"Tract 9505","109","Louisa",6,">1.5 Ppl/Room"
"598","51109950500","nocar","rank",7.52,7.7,"Tract 9505","109","Louisa",6,"No Car Access"
"599","51109950500","und6","rank",4.81,14.7,"Tract 9505","109","Louisa",6,"Children Aged <6"
"600","51109950500","nobb","rank",6.95,25.5,"Tract 9505","109","Louisa",6,"No Broadband"
"601","51109950500","nofood","rank",1.61,98.9999999995332,"Tract 9505","109","Louisa",6,"Low Food Access"
"602","51109950500","index","rank",3.71,NA,"Tract 9505","109","Louisa",6,"Composite Score"
"603","51109950400","density","norm",0,52.2816125198325,"Tract 9504","109","Louisa",6,"Population Density"
"604","51109950400","room15","norm",0,0,"Tract 9504","109","Louisa",6,">1.5 Ppl/Room"
"605","51109950400","nocar","norm",0.1,2.9,"Tract 9504","109","Louisa",6,"No Car Access"
"606","51109950400","und6","norm",0.3,16.5,"Tract 9504","109","Louisa",6,"Children Aged <6"
"607","51109950400","nobb","norm",0.79,38.6,"Tract 9504","109","Louisa",6,"No Broadband"
"608","51109950400","nofood","norm",0,99.0000000063981,"Tract 9504","109","Louisa",6,"Low Food Access"
"609","51109950400","index","norm",1.2,NA,"Tract 9504","109","Louisa",6,"Composite Score"
"610","51109950400","density","rank",2.83,52.2816125198325,"Tract 9504","109","Louisa",6,"Population Density"
"611","51109950400","room15","rank",1,0,"Tract 9504","109","Louisa",6,">1.5 Ppl/Room"
"612","51109950400","nocar","rank",4.41,2.9,"Tract 9504","109","Louisa",6,"No Car Access"
"613","51109950400","und6","rank",5.88,16.5,"Tract 9504","109","Louisa",6,"Children Aged <6"
"614","51109950400","nobb","rank",9.54,38.6,"Tract 9504","109","Louisa",6,"No Broadband"
"615","51109950400","nofood","rank",1.92,99.0000000063981,"Tract 9504","109","Louisa",6,"Low Food Access"
"616","51109950400","index","rank",3.64,NA,"Tract 9504","109","Louisa",6,"Composite Score"
"617","51109950300","density","norm",0,78.5443253736001,"Tract 9503","109","Louisa",6,"Population Density"
"618","51109950300","room15","norm",0,0,"Tract 9503","109","Louisa",6,">1.5 Ppl/Room"
"619","51109950300","nocar","norm",0.06,1.8,"Tract 9503","109","Louisa",6,"No Car Access"
"620","51109950300","und6","norm",0.25,14.3,"Tract 9503","109","Louisa",6,"Children Aged <6"
"621","51109950300","nobb","norm",0.32,16.8,"Tract 9503","109","Louisa",6,"No Broadband"
"622","51109950300","nofood","norm",0.07,99.0663342411245,"Tract 9503","109","Louisa",6,"Low Food Access"
"623","51109950300","index","norm",0.7,NA,"Tract 9503","109","Louisa",6,"Composite Score"
"624","51109950300","density","rank",4.2,78.5443253736001,"Tract 9503","109","Louisa",6,"Population Density"
"625","51109950300","room15","rank",1,0,"Tract 9503","109","Louisa",6,">1.5 Ppl/Room"
"626","51109950300","nocar","rank",3.17,1.8,"Tract 9503","109","Louisa",6,"No Car Access"
"627","51109950300","und6","rank",4.2,14.3,"Tract 9503","109","Louisa",6,"Children Aged <6"
"628","51109950300","nobb","rank",4.66,16.8,"Tract 9503","109","Louisa",6,"No Broadband"
"629","51109950300","nofood","rank",4.36,99.0663342411245,"Tract 9503","109","Louisa",6,"Low Food Access"
"630","51109950300","index","rank",2.71,NA,"Tract 9503","109","Louisa",6,"Composite Score"
"631","51109950202","density","norm",0,79.9954931634805,"Tract 9502.02","109","Louisa",6,"Population Density"
"632","51109950202","room15","norm",0,0,"Tract 9502.02","109","Louisa",6,">1.5 Ppl/Room"
"633","51109950202","nocar","norm",0.13,3.5,"Tract 9502.02","109","Louisa",6,"No Car Access"
"634","51109950202","und6","norm",0.25,14.3,"Tract 9502.02","109","Louisa",6,"Children Aged <6"
"635","51109950202","nobb","norm",0.41,21.2,"Tract 9502.02","109","Louisa",6,"No Broadband"
"636","51109950202","nofood","norm",0.25,99.2455893987403,"Tract 9502.02","109","Louisa",6,"Low Food Access"
"637","51109950202","index","norm",1.04,NA,"Tract 9502.02","109","Louisa",6,"Composite Score"
"638","51109950202","density","rank",4.36,79.9954931634805,"Tract 9502.02","109","Louisa",6,"Population Density"
"639","51109950202","room15","rank",1,0,"Tract 9502.02","109","Louisa",6,">1.5 Ppl/Room"
"640","51109950202","nocar","rank",4.88,3.5,"Tract 9502.02","109","Louisa",6,"No Car Access"
"641","51109950202","und6","rank",4.2,14.3,"Tract 9502.02","109","Louisa",6,"Children Aged <6"
"642","51109950202","nobb","rank",5.42,21.2,"Tract 9502.02","109","Louisa",6,"No Broadband"
"643","51109950202","nofood","rank",5.73,99.2455893987403,"Tract 9502.02","109","Louisa",6,"Low Food Access"
"644","51109950202","index","rank",3.64,NA,"Tract 9502.02","109","Louisa",6,"Composite Score"
"645","51109950201","density","norm",0,89.7837241440164,"Tract 9502.01","109","Louisa",6,"Population Density"
"646","51109950201","room15","norm",0.23,0.5,"Tract 9502.01","109","Louisa",6,">1.5 Ppl/Room"
"647","51109950201","nocar","norm",0.43,12,"Tract 9502.01","109","Louisa",6,"No Car Access"
"648","51109950201","und6","norm",0.21,12.6,"Tract 9502.01","109","Louisa",6,"Children Aged <6"
"649","51109950201","nobb","norm",0.76,37.2,"Tract 9502.01","109","Louisa",6,"No Broadband"
"650","51109950201","nofood","norm",0.27,99.2712131662735,"Tract 9502.01","109","Louisa",6,"Low Food Access"
"651","51109950201","index","norm",1.9,NA,"Tract 9502.01","109","Louisa",6,"Composite Score"
"652","51109950201","density","rank",4.97,89.7837241440164,"Tract 9502.01","109","Louisa",6,"Population Density"
"653","51109950201","room15","rank",2.88,0.5,"Tract 9502.01","109","Louisa",6,">1.5 Ppl/Room"
"654","51109950201","nocar","rank",8.45,12,"Tract 9502.01","109","Louisa",6,"No Car Access"
"655","51109950201","und6","rank",3.14,12.6,"Tract 9502.01","109","Louisa",6,"Children Aged <6"
"656","51109950201","nobb","rank",8.93,37.2,"Tract 9502.01","109","Louisa",6,"No Broadband"
"657","51109950201","nofood","rank",6.34,99.2712131662735,"Tract 9502.01","109","Louisa",6,"Low Food Access"
"658","51109950201","index","rank",5.5,NA,"Tract 9502.01","109","Louisa",6,"Composite Score"
"659","51109950100","density","norm",0,62.0694514425186,"Tract 9501","109","Louisa",6,"Population Density"
"660","51109950100","room15","norm",0.27,0.6,"Tract 9501","109","Louisa",6,">1.5 Ppl/Room"
"661","51109950100","nocar","norm",0.13,3.5,"Tract 9501","109","Louisa",6,"No Car Access"
"662","51109950100","und6","norm",0.19,12,"Tract 9501","109","Louisa",6,"Children Aged <6"
"663","51109950100","nobb","norm",0.55,27.3,"Tract 9501","109","Louisa",6,"No Broadband"
"664","51109950100","nofood","norm",0.01,99.0146865333701,"Tract 9501","109","Louisa",6,"Low Food Access"
"665","51109950100","index","norm",1.15,NA,"Tract 9501","109","Louisa",6,"Composite Score"
"666","51109950100","density","rank",3.75,62.0694514425186,"Tract 9501","109","Louisa",6,"Population Density"
"667","51109950100","room15","rank",3.62,0.6,"Tract 9501","109","Louisa",6,">1.5 Ppl/Room"
"668","51109950100","nocar","rank",4.88,3.5,"Tract 9501","109","Louisa",6,"No Car Access"
"669","51109950100","und6","rank",2.53,12,"Tract 9501","109","Louisa",6,"Children Aged <6"
"670","51109950100","nobb","rank",7.56,27.3,"Tract 9501","109","Louisa",6,"No Broadband"
"671","51109950100","nofood","rank",2.83,99.0146865333701,"Tract 9501","109","Louisa",6,"Low Food Access"
"672","51109950100","index","rank",3.18,NA,"Tract 9501","109","Louisa",6,"Composite Score"
"673","51079030200","density","norm",0.02,299.898815611224,"Tract 302","079","Greene",7,"Population Density"
"674","51079030200","room15","norm",0,0,"Tract 302","079","Greene",7,">1.5 Ppl/Room"
"675","51079030200","nocar","norm",0.04,1.2,"Tract 302","079","Greene",7,"No Car Access"
"676","51079030200","und6","norm",0.12,8.9,"Tract 302","079","Greene",7,"Children Aged <6"
"677","51079030200","nobb","norm",0.25,13.9,"Tract 302","079","Greene",7,"No Broadband"
"678","51079030200","nofood","norm",0.43,99.4303086183651,"Tract 302","079","Greene",7,"Low Food Access"
"679","51079030200","index","norm",0.86,NA,"Tract 302","079","Greene",7,"Composite Score"
"680","51079030200","density","rank",6.19,299.898815611224,"Tract 302","079","Greene",7,"Population Density"
"681","51079030200","room15","rank",1,0,"Tract 302","079","Greene",7,">1.5 Ppl/Room"
"682","51079030200","nocar","rank",2.4,1.2,"Tract 302","079","Greene",7,"No Car Access"
"683","51079030200","und6","rank",1.46,8.9,"Tract 302","079","Greene",7,"Children Aged <6"
"684","51079030200","nobb","rank",2.98,13.9,"Tract 302","079","Greene",7,"No Broadband"
"685","51079030200","nofood","rank",6.8,99.4303086183651,"Tract 302","079","Greene",7,"Low Food Access"
"686","51079030200","index","rank",2.54,NA,"Tract 302","079","Greene",7,"Composite Score"
"687","51079030102","density","norm",0,84.6820844646254,"Tract 301.02","079","Greene",7,"Population Density"
"688","51079030102","room15","norm",0.32,0.7,"Tract 301.02","079","Greene",7,">1.5 Ppl/Room"
"689","51079030102","nocar","norm",0.14,3.9,"Tract 301.02","079","Greene",7,"No Car Access"
"690","51079030102","und6","norm",0.19,11.7,"Tract 301.02","079","Greene",7,"Children Aged <6"
"691","51079030102","nobb","norm",0.46,23.5,"Tract 301.02","079","Greene",7,"No Broadband"
"692","51079030102","nofood","norm",0.02,99.0200149417447,"Tract 301.02","079","Greene",7,"Low Food Access"
"693","51079030102","index","norm",1.13,NA,"Tract 301.02","079","Greene",7,"Composite Score"
"694","51079030102","density","rank",4.81,84.6820844646254,"Tract 301.02","079","Greene",7,"Population Density"
"695","51079030102","room15","rank",5.12,0.7,"Tract 301.02","079","Greene",7,">1.5 Ppl/Room"
"696","51079030102","nocar","rank",5.34,3.9,"Tract 301.02","079","Greene",7,"No Car Access"
"697","51079030102","und6","rank",2.37,11.7,"Tract 301.02","079","Greene",7,"Children Aged <6"
"698","51079030102","nobb","rank",6.34,23.5,"Tract 301.02","079","Greene",7,"No Broadband"
"699","51079030102","nofood","rank",3.14,99.0200149417447,"Tract 301.02","079","Greene",7,"Low Food Access"
"700","51079030102","index","rank",3.43,NA,"Tract 301.02","079","Greene",7,"Composite Score"
"701","51079030101","density","norm",0,65.264349776657,"Tract 301.01","079","Greene",7,"Population Density"
"702","51079030101","room15","norm",0.68,1.5,"Tract 301.01","079","Greene",7,">1.5 Ppl/Room"
"703","51079030101","nocar","norm",0.2,5.7,"Tract 301.01","079","Greene",7,"No Car Access"
"704","51079030101","und6","norm",0.28,15.6,"Tract 301.01","079","Greene",7,"Children Aged <6"
"705","51079030101","nobb","norm",0.55,27.3,"Tract 301.01","079","Greene",7,"No Broadband"
"706","51079030101","nofood","norm",0.27,99.2685532316348,"Tract 301.01","079","Greene",7,"Low Food Access"
"707","51079030101","index","norm",1.99,NA,"Tract 301.01","079","Greene",7,"Composite Score"
"708","51079030101","density","rank",3.9,65.264349776657,"Tract 301.01","079","Greene",7,"Population Density"
"709","51079030101","room15","rank",8.88,1.5,"Tract 301.01","079","Greene",7,">1.5 Ppl/Room"
"710","51079030101","nocar","rank",6.74,5.7,"Tract 301.01","079","Greene",7,"No Car Access"
"711","51079030101","und6","rank",5.58,15.6,"Tract 301.01","079","Greene",7,"Children Aged <6"
"712","51079030101","nobb","rank",7.56,27.3,"Tract 301.01","079","Greene",7,"No Broadband"
"713","51079030101","nofood","rank",6.19,99.2685532316348,"Tract 301.01","079","Greene",7,"Low Food Access"
"714","51079030101","index","rank",5.64,NA,"Tract 301.01","079","Greene",7,"Composite Score"
"715","51137110300","density","norm",0,83.7444987525804,"Tract 1103","137","Orange",8,"Population Density"
"716","51137110300","room15","norm",0.27,0.6,"Tract 1103","137","Orange",8,">1.5 Ppl/Room"
"717","51137110300","nocar","norm",0.16,4.6,"Tract 1103","137","Orange",8,"No Car Access"
"718","51137110300","und6","norm",0.28,15.5,"Tract 1103","137","Orange",8,"Children Aged <6"
"719","51137110300","nobb","norm",0.52,26,"Tract 1103","137","Orange",8,"No Broadband"
"720","51137110300","nofood","norm",0.27,99.2666639784785,"Tract 1103","137","Orange",8,"Low Food Access"
"721","51137110300","index","norm",1.51,NA,"Tract 1103","137","Orange",8,"Composite Score"
"722","51137110300","density","rank",4.66,83.7444987525804,"Tract 1103","137","Orange",8,"Population Density"
"723","51137110300","room15","rank",3.62,0.6,"Tract 1103","137","Orange",8,">1.5 Ppl/Room"
"724","51137110300","nocar","rank",5.97,4.6,"Tract 1103","137","Orange",8,"No Car Access"
"725","51137110300","und6","rank",5.12,15.5,"Tract 1103","137","Orange",8,"Children Aged <6"
"726","51137110300","nobb","rank",7.1,26,"Tract 1103","137","Orange",8,"No Broadband"
"727","51137110300","nofood","rank",6.03,99.2666639784785,"Tract 1103","137","Orange",8,"Low Food Access"
"728","51137110300","index","rank",4.89,NA,"Tract 1103","137","Orange",8,"Composite Score"
"729","51137110200","density","norm",0.01,189.89937124958,"Tract 1102","137","Orange",8,"Population Density"
"730","51137110200","room15","norm",0.59,1.3,"Tract 1102","137","Orange",8,">1.5 Ppl/Room"
"731","51137110200","nocar","norm",0.58,16.1,"Tract 1102","137","Orange",8,"No Car Access"
"732","51137110200","und6","norm",0.58,27.8,"Tract 1102","137","Orange",8,"Children Aged <6"
"733","51137110200","nobb","norm",0.4,20.8,"Tract 1102","137","Orange",8,"No Broadband"
"734","51137110200","nofood","norm",0.25,99.2536645435949,"Tract 1102","137","Orange",8,"Low Food Access"
"735","51137110200","index","norm",2.42,NA,"Tract 1102","137","Orange",8,"Composite Score"
"736","51137110200","density","rank",5.88,189.89937124958,"Tract 1102","137","Orange",8,"Population Density"
"737","51137110200","room15","rank",8.12,1.3,"Tract 1102","137","Orange",8,">1.5 Ppl/Room"
"738","51137110200","nocar","rank",9.07,16.1,"Tract 1102","137","Orange",8,"No Car Access"
"739","51137110200","und6","rank",9.24,27.8,"Tract 1102","137","Orange",8,"Children Aged <6"
"740","51137110200","nobb","rank",5.27,20.8,"Tract 1102","137","Orange",8,"No Broadband"
"741","51137110200","nofood","rank",5.88,99.2536645435949,"Tract 1102","137","Orange",8,"Low Food Access"
"742","51137110200","index","rank",6.82,NA,"Tract 1102","137","Orange",8,"Composite Score"
"743","51137110104","density","norm",0,82.140482936082,"Tract 1101.04","137","Orange",8,"Population Density"
"744","51137110104","room15","norm",0,0,"Tract 1101.04","137","Orange",8,">1.5 Ppl/Room"
"745","51137110104","nocar","norm",0.01,0.3,"Tract 1101.04","137","Orange",8,"No Car Access"
"746","51137110104","und6","norm",0.12,9.1,"Tract 1101.04","137","Orange",8,"Children Aged <6"
"747","51137110104","nobb","norm",0.58,29.1,"Tract 1101.04","137","Orange",8,"No Broadband"
"748","51137110104","nofood","norm",0,98.9999999968362,"Tract 1101.04","137","Orange",8,"Low Food Access"
"749","51137110104","index","norm",0.72,NA,"Tract 1101.04","137","Orange",8,"Composite Score"
"750","51137110104","density","rank",4.51,82.140482936082,"Tract 1101.04","137","Orange",8,"Population Density"
"751","51137110104","room15","rank",1,0,"Tract 1101.04","137","Orange",8,">1.5 Ppl/Room"
"752","51137110104","nocar","rank",1.31,0.3,"Tract 1101.04","137","Orange",8,"No Car Access"
"753","51137110104","und6","rank",1.61,9.1,"Tract 1101.04","137","Orange",8,"Children Aged <6"
"754","51137110104","nobb","rank",7.71,29.1,"Tract 1101.04","137","Orange",8,"No Broadband"
"755","51137110104","nofood","rank",1.31,98.9999999968362,"Tract 1101.04","137","Orange",8,"Low Food Access"
"756","51137110104","index","rank",1.75,NA,"Tract 1101.04","137","Orange",8,"Composite Score"
"757","51137110103","density","norm",0.04,552.874086992009,"Tract 1101.03","137","Orange",8,"Population Density"
"758","51137110103","room15","norm",0,0,"Tract 1101.03","137","Orange",8,">1.5 Ppl/Room"
"759","51137110103","nocar","norm",0.01,0.3,"Tract 1101.03","137","Orange",8,"No Car Access"
"760","51137110103","und6","norm",0.4,20.5,"Tract 1101.03","137","Orange",8,"Children Aged <6"
"761","51137110103","nobb","norm",0.3,16.2,"Tract 1101.03","137","Orange",8,"No Broadband"
"762","51137110103","nofood","norm",0.38,99.3829585930539,"Tract 1101.03","137","Orange",8,"Low Food Access"
"763","51137110103","index","norm",1.14,NA,"Tract 1101.03","137","Orange",8,"Composite Score"
"764","51137110103","density","rank",6.49,552.874086992009,"Tract 1101.03","137","Orange",8,"Population Density"
"765","51137110103","room15","rank",1,0,"Tract 1101.03","137","Orange",8,">1.5 Ppl/Room"
"766","51137110103","nocar","rank",1.31,0.3,"Tract 1101.03","137","Orange",8,"No Car Access"
"767","51137110103","und6","rank",8.02,20.5,"Tract 1101.03","137","Orange",8,"Children Aged <6"
"768","51137110103","nobb","rank",4.51,16.2,"Tract 1101.03","137","Orange",8,"No Broadband"
"769","51137110103","nofood","rank",6.64,99.3829585930539,"Tract 1101.03","137","Orange",8,"Low Food Access"
"770","51137110103","index","rank",4.21,NA,"Tract 1101.03","137","Orange",8,"Composite Score"
"771","51137110102","density","norm",0,55.3831933944148,"Tract 1101.02","137","Orange",8,"Population Density"
"772","51137110102","room15","norm",0,0,"Tract 1101.02","137","Orange",8,">1.5 Ppl/Room"
"773","51137110102","nocar","norm",0.01,0.4,"Tract 1101.02","137","Orange",8,"No Car Access"
"774","51137110102","und6","norm",0.22,13.1,"Tract 1101.02","137","Orange",8,"Children Aged <6"
"775","51137110102","nobb","norm",0.71,34.7,"Tract 1101.02","137","Orange",8,"No Broadband"
"776","51137110102","nofood","norm",0,98.9999999988906,"Tract 1101.02","137","Orange",8,"Low Food Access"
"777","51137110102","index","norm",0.94,NA,"Tract 1101.02","137","Orange",8,"Composite Score"
"778","51137110102","density","rank",2.98,55.3831933944148,"Tract 1101.02","137","Orange",8,"Population Density"
"779","51137110102","room15","rank",1,0,"Tract 1101.02","137","Orange",8,">1.5 Ppl/Room"
"780","51137110102","nocar","rank",1.62,0.4,"Tract 1101.02","137","Orange",8,"No Car Access"
"781","51137110102","und6","rank",3.44,13.1,"Tract 1101.02","137","Orange",8,"Children Aged <6"
"782","51137110102","nobb","rank",8.63,34.7,"Tract 1101.02","137","Orange",8,"No Broadband"
"783","51137110102","nofood","rank",1.46,98.9999999988906,"Tract 1101.02","137","Orange",8,"Low Food Access"
"784","51137110102","index","rank",2.14,NA,"Tract 1101.02","137","Orange",8,"Composite Score"
"785","51065020300","density","norm",0,50.3225470686591,"Tract 203","065","Fluvanna",9,"Population Density"
"786","51065020300","room15","norm",0,0,"Tract 203","065","Fluvanna",9,">1.5 Ppl/Room"
"787","51065020300","nocar","norm",0.06,1.6,"Tract 203","065","Fluvanna",9,"No Car Access"
"788","51065020300","und6","norm",0.15,10.3,"Tract 203","065","Fluvanna",9,"Children Aged <6"
"789","51065020300","nobb","norm",0.4,20.5,"Tract 203","065","Fluvanna",9,"No Broadband"
"790","51065020300","nofood","norm",0.05,99.050613149676,"Tract 203","065","Fluvanna",9,"Low Food Access"
"791","51065020300","index","norm",0.66,NA,"Tract 203","065","Fluvanna",9,"Composite Score"
"792","51065020300","density","rank",2.68,50.3225470686591,"Tract 203","065","Fluvanna",9,"Population Density"
"793","51065020300","room15","rank",1,0,"Tract 203","065","Fluvanna",9,">1.5 Ppl/Room"
"794","51065020300","nocar","rank",2.86,1.6,"Tract 203","065","Fluvanna",9,"No Car Access"
"795","51065020300","und6","rank",2.07,10.3,"Tract 203","065","Fluvanna",9,"Children Aged <6"
"796","51065020300","nobb","rank",4.97,20.5,"Tract 203","065","Fluvanna",9,"No Broadband"
"797","51065020300","nofood","rank",3.75,99.050613149676,"Tract 203","065","Fluvanna",9,"Low Food Access"
"798","51065020300","index","rank",1.71,NA,"Tract 203","065","Fluvanna",9,"Composite Score"
"799","51065020200","density","norm",0,40.0468128285011,"Tract 202","065","Fluvanna",9,"Population Density"
"800","51065020200","room15","norm",0,0,"Tract 202","065","Fluvanna",9,">1.5 Ppl/Room"
"801","51065020200","nocar","norm",0.1,2.8,"Tract 202","065","Fluvanna",9,"No Car Access"
"802","51065020200","und6","norm",0.12,9.2,"Tract 202","065","Fluvanna",9,"Children Aged <6"
"803","51065020200","nobb","norm",0.4,20.8,"Tract 202","065","Fluvanna",9,"No Broadband"
"804","51065020200","nofood","norm",0.08,99.0750792011013,"Tract 202","065","Fluvanna",9,"Low Food Access"
"805","51065020200","index","norm",0.71,NA,"Tract 202","065","Fluvanna",9,"Composite Score"
"806","51065020200","density","rank",2.07,40.0468128285011,"Tract 202","065","Fluvanna",9,"Population Density"
"807","51065020200","room15","rank",1,0,"Tract 202","065","Fluvanna",9,">1.5 Ppl/Room"
"808","51065020200","nocar","rank",3.95,2.8,"Tract 202","065","Fluvanna",9,"No Car Access"
"809","51065020200","und6","rank",1.76,9.2,"Tract 202","065","Fluvanna",9,"Children Aged <6"
"810","51065020200","nobb","rank",5.27,20.8,"Tract 202","065","Fluvanna",9,"No Broadband"
"811","51065020200","nofood","rank",4.81,99.0750792011013,"Tract 202","065","Fluvanna",9,"Low Food Access"
"812","51065020200","index","rank",2.07,NA,"Tract 202","065","Fluvanna",9,"Composite Score"
"813","51065020102","density","norm",0.08,1160.63593753011,"Tract 201.02","065","Fluvanna",9,"Population Density"
"814","51065020102","room15","norm",0,0,"Tract 201.02","065","Fluvanna",9,">1.5 Ppl/Room"
"815","51065020102","nocar","norm",0.08,2.2,"Tract 201.02","065","Fluvanna",9,"No Car Access"
"816","51065020102","und6","norm",0.35,18.2,"Tract 201.02","065","Fluvanna",9,"Children Aged <6"
"817","51065020102","nobb","norm",0.13,8.2,"Tract 201.02","065","Fluvanna",9,"No Broadband"
"818","51065020102","nofood","norm",0.2,99.2046345461152,"Tract 201.02","065","Fluvanna",9,"Low Food Access"
"819","51065020102","index","norm",0.84,NA,"Tract 201.02","065","Fluvanna",9,"Composite Score"
"820","51065020102","density","rank",7.1,1160.63593753011,"Tract 201.02","065","Fluvanna",9,"Population Density"
"821","51065020102","room15","rank",1,0,"Tract 201.02","065","Fluvanna",9,">1.5 Ppl/Room"
"822","51065020102","nocar","rank",3.48,2.2,"Tract 201.02","065","Fluvanna",9,"No Car Access"
"823","51065020102","und6","rank",6.8,18.2,"Tract 201.02","065","Fluvanna",9,"Children Aged <6"
"824","51065020102","nobb","rank",1.61,8.2,"Tract 201.02","065","Fluvanna",9,"No Broadband"
"825","51065020102","nofood","rank",5.58,99.2046345461152,"Tract 201.02","065","Fluvanna",9,"Low Food Access"
"826","51065020102","index","rank",3.64,NA,"Tract 201.02","065","Fluvanna",9,"Composite Score"
"827","51065020101","density","norm",0.01,137.270370954217,"Tract 201.01","065","Fluvanna",9,"Population Density"
"828","51065020101","room15","norm",0.32,0.7,"Tract 201.01","065","Fluvanna",9,">1.5 Ppl/Room"
"829","51065020101","nocar","norm",0.19,5.3,"Tract 201.01","065","Fluvanna",9,"No Car Access"
"830","51065020101","und6","norm",0.33,17.5,"Tract 201.01","065","Fluvanna",9,"Children Aged <6"
"831","51065020101","nobb","norm",0.26,14.1,"Tract 201.01","065","Fluvanna",9,"No Broadband"
"832","51065020101","nofood","norm",0.01,99.0105811300284,"Tract 201.01","065","Fluvanna",9,"Low Food Access"
"833","51065020101","index","norm",1.11,NA,"Tract 201.01","065","Fluvanna",9,"Composite Score"
"834","51065020101","density","rank",5.27,137.270370954217,"Tract 201.01","065","Fluvanna",9,"Population Density"
"835","51065020101","room15","rank",5.12,0.7,"Tract 201.01","065","Fluvanna",9,">1.5 Ppl/Room"
"836","51065020101","nocar","rank",6.43,5.3,"Tract 201.01","065","Fluvanna",9,"No Car Access"
"837","51065020101","und6","rank",6.34,17.5,"Tract 201.01","065","Fluvanna",9,"Children Aged <6"
"838","51065020101","nobb","rank",3.44,14.1,"Tract 201.01","065","Fluvanna",9,"No Broadband"
"839","51065020101","nofood","rank",2.53,99.0105811300284,"Tract 201.01","065","Fluvanna",9,"Low Food Access"
"840","51065020101","index","rank",3.89,NA,"Tract 201.01","065","Fluvanna",9,"Composite Score"
