"","Domain","GEOID","CountyName","NAME","Label","Stat","Value"
"1","badegreeE","51003010100","Albemarle County","Census Tract 101, Albemarle County, Virginia","% with Bachelors Degree","Estimate","45.2% of Adults"
"2","life_expE","51003010100","Albemarle County","Census Tract 101, Albemarle County, Virginia","Average Life Expectancy","Estimate","84.3 Years"
"3","hhincE","51003010100","Albemarle County","Census Tract 101, Albemarle County, Virginia","Median Household Income","Estimate","$ 92,083"
"4","badegreeE","51003010201","Albemarle County","Census Tract 102.01, Albemarle County, Virginia","% with Bachelors Degree","Estimate","48.5% of Adults"
"5","life_expE","51003010201","Albemarle County","Census Tract 102.01, Albemarle County, Virginia","Average Life Expectancy","Estimate","77.3 Years"
"6","hhincE","51003010201","Albemarle County","Census Tract 102.01, Albemarle County, Virginia","Median Household Income","Estimate","$ 81,169"
"7","badegreeE","51003010202","Albemarle County","Census Tract 102.02, Albemarle County, Virginia","% with Bachelors Degree","Estimate","67.2% of Adults"
"8","life_expE","51003010202","Albemarle County","Census Tract 102.02, Albemarle County, Virginia","Average Life Expectancy","Estimate","80.9 Years"
"9","hhincE","51003010202","Albemarle County","Census Tract 102.02, Albemarle County, Virginia","Median Household Income","Estimate","$122,045"
"10","badegreeE","51003010300","Albemarle County","Census Tract 103, Albemarle County, Virginia","% with Bachelors Degree","Estimate","53.2% of Adults"
"11","life_expE","51003010300","Albemarle County","Census Tract 103, Albemarle County, Virginia","Average Life Expectancy","Estimate","81.9 Years"
"12","hhincE","51003010300","Albemarle County","Census Tract 103, Albemarle County, Virginia","Median Household Income","Estimate","$ 79,417"
"13","badegreeE","51003010401","Albemarle County","Census Tract 104.01, Albemarle County, Virginia","% with Bachelors Degree","Estimate","42.3% of Adults"
"14","life_expE","51003010401","Albemarle County","Census Tract 104.01, Albemarle County, Virginia","Average Life Expectancy","Estimate","80.6 Years"
"15","hhincE","51003010401","Albemarle County","Census Tract 104.01, Albemarle County, Virginia","Median Household Income","Estimate","$ 78,808"
"16","badegreeE","51003010402","Albemarle County","Census Tract 104.02, Albemarle County, Virginia","% with Bachelors Degree","Estimate","57.8% of Adults"
"17","life_expE","51003010402","Albemarle County","Census Tract 104.02, Albemarle County, Virginia","Average Life Expectancy","Estimate","83.7 Years"
"18","hhincE","51003010402","Albemarle County","Census Tract 104.02, Albemarle County, Virginia","Median Household Income","Estimate","$105,809"
"19","badegreeE","51003010500","Albemarle County","Census Tract 105, Albemarle County, Virginia","% with Bachelors Degree","Estimate","59.4% of Adults"
"20","life_expE","51003010500","Albemarle County","Census Tract 105, Albemarle County, Virginia","Average Life Expectancy","Estimate","82.8 Years"
"21","hhincE","51003010500","Albemarle County","Census Tract 105, Albemarle County, Virginia","Median Household Income","Estimate","$ 76,273"
"22","badegreeE","51003010601","Albemarle County","Census Tract 106.01, Albemarle County, Virginia","% with Bachelors Degree","Estimate","49.5% of Adults"
"23","life_expE","51003010601","Albemarle County","Census Tract 106.01, Albemarle County, Virginia","Average Life Expectancy","Estimate","79.7 Years"
"24","hhincE","51003010601","Albemarle County","Census Tract 106.01, Albemarle County, Virginia","Median Household Income","Estimate","$ 59,781"
"25","badegreeE","51003010602","Albemarle County","Census Tract 106.02, Albemarle County, Virginia","% with Bachelors Degree","Estimate","65.9% of Adults"
"26","life_expE","51003010602","Albemarle County","Census Tract 106.02, Albemarle County, Virginia","Average Life Expectancy","Estimate","80.2 Years"
"27","hhincE","51003010602","Albemarle County","Census Tract 106.02, Albemarle County, Virginia","Median Household Income","Estimate","$ 95,282"
"28","badegreeE","51003010700","Albemarle County","Census Tract 107, Albemarle County, Virginia","% with Bachelors Degree","Estimate","35.6% of Adults"
"29","life_expE","51003010700","Albemarle County","Census Tract 107, Albemarle County, Virginia","Average Life Expectancy","Estimate","76.7 Years"
"30","hhincE","51003010700","Albemarle County","Census Tract 107, Albemarle County, Virginia","Median Household Income","Estimate","$ 52,262"
"31","badegreeE","51003010800","Albemarle County","Census Tract 108, Albemarle County, Virginia","% with Bachelors Degree","Estimate","57.1% of Adults"
"32","life_expE","51003010800","Albemarle County","Census Tract 108, Albemarle County, Virginia","Average Life Expectancy","Estimate","82.6 Years"
"33","hhincE","51003010800","Albemarle County","Census Tract 108, Albemarle County, Virginia","Median Household Income","Estimate","$ 64,799"
"34","badegreeE","51003010901","Albemarle County","Census Tract 109.01, Albemarle County, Virginia","% with Bachelors Degree","Estimate","92.4% of Adults"
"35","life_expE","51003010901","Albemarle County","Census Tract 109.01, Albemarle County, Virginia","Average Life Expectancy","Estimate","78.6 Years"
"36","hhincE","51003010901","Albemarle County","Census Tract 109.01, Albemarle County, Virginia","Median Household Income","Estimate","$ 36,042"
"37","badegreeE","51003010902","Albemarle County","Census Tract 109.02, Albemarle County, Virginia","% with Bachelors Degree","Estimate","55.1% of Adults"
"38","life_expE","51003010902","Albemarle County","Census Tract 109.02, Albemarle County, Virginia","Average Life Expectancy","Estimate","NA Years"
"39","hhincE","51003010902","Albemarle County","Census Tract 109.02, Albemarle County, Virginia","Median Household Income","Estimate","$ 40,694"
"40","badegreeE","51003010903","Albemarle County","Census Tract 109.03, Albemarle County, Virginia","% with Bachelors Degree","Estimate","58.1% of Adults"
"41","life_expE","51003010903","Albemarle County","Census Tract 109.03, Albemarle County, Virginia","Average Life Expectancy","Estimate","NA Years"
"42","hhincE","51003010903","Albemarle County","Census Tract 109.03, Albemarle County, Virginia","Median Household Income","Estimate","$  2,499"
"43","badegreeE","51003011000","Albemarle County","Census Tract 110, Albemarle County, Virginia","% with Bachelors Degree","Estimate","79.5% of Adults"
"44","life_expE","51003011000","Albemarle County","Census Tract 110, Albemarle County, Virginia","Average Life Expectancy","Estimate","86.3 Years"
"45","hhincE","51003011000","Albemarle County","Census Tract 110, Albemarle County, Virginia","Median Household Income","Estimate","$146,100"
"46","badegreeE","51003011100","Albemarle County","Census Tract 111, Albemarle County, Virginia","% with Bachelors Degree","Estimate","61.8% of Adults"
"47","life_expE","51003011100","Albemarle County","Census Tract 111, Albemarle County, Virginia","Average Life Expectancy","Estimate","80.7 Years"
"48","hhincE","51003011100","Albemarle County","Census Tract 111, Albemarle County, Virginia","Median Household Income","Estimate","$ 76,196"
"49","badegreeE","51003011201","Albemarle County","Census Tract 112.01, Albemarle County, Virginia","% with Bachelors Degree","Estimate","49.6% of Adults"
"50","life_expE","51003011201","Albemarle County","Census Tract 112.01, Albemarle County, Virginia","Average Life Expectancy","Estimate","78.5 Years"
"51","hhincE","51003011201","Albemarle County","Census Tract 112.01, Albemarle County, Virginia","Median Household Income","Estimate","$ 76,184"
"52","badegreeE","51003011202","Albemarle County","Census Tract 112.02, Albemarle County, Virginia","% with Bachelors Degree","Estimate","70.4% of Adults"
"53","life_expE","51003011202","Albemarle County","Census Tract 112.02, Albemarle County, Virginia","Average Life Expectancy","Estimate","87.1 Years"
"54","hhincE","51003011202","Albemarle County","Census Tract 112.02, Albemarle County, Virginia","Median Household Income","Estimate","$121,910"
"55","badegreeE","51003011301","Albemarle County","Census Tract 113.01, Albemarle County, Virginia","% with Bachelors Degree","Estimate","33.6% of Adults"
"56","life_expE","51003011301","Albemarle County","Census Tract 113.01, Albemarle County, Virginia","Average Life Expectancy","Estimate","84.1 Years"
"57","hhincE","51003011301","Albemarle County","Census Tract 113.01, Albemarle County, Virginia","Median Household Income","Estimate","$ 73,315"
"58","badegreeE","51003011302","Albemarle County","Census Tract 113.02, Albemarle County, Virginia","% with Bachelors Degree","Estimate","42.7% of Adults"
"59","life_expE","51003011302","Albemarle County","Census Tract 113.02, Albemarle County, Virginia","Average Life Expectancy","Estimate","75.5 Years"
"60","hhincE","51003011302","Albemarle County","Census Tract 113.02, Albemarle County, Virginia","Median Household Income","Estimate","$ 60,659"
"61","badegreeE","51003011303","Albemarle County","Census Tract 113.03, Albemarle County, Virginia","% with Bachelors Degree","Estimate","61.7% of Adults"
"62","life_expE","51003011303","Albemarle County","Census Tract 113.03, Albemarle County, Virginia","Average Life Expectancy","Estimate","80 Years"
"63","hhincE","51003011303","Albemarle County","Census Tract 113.03, Albemarle County, Virginia","Median Household Income","Estimate","$ 81,726"
"64","badegreeE","51003011400","Albemarle County","Census Tract 114, Albemarle County, Virginia","% with Bachelors Degree","Estimate","27.4% of Adults"
"65","life_expE","51003011400","Albemarle County","Census Tract 114, Albemarle County, Virginia","Average Life Expectancy","Estimate","79 Years"
"66","hhincE","51003011400","Albemarle County","Census Tract 114, Albemarle County, Virginia","Median Household Income","Estimate","$ 53,969"
"67","badegreeE","51029930101","Buckingham County","Census Tract 9301.01, Buckingham County, Virginia","% with Bachelors Degree","Estimate","9.2% of Adults"
"68","life_expE","51029930101","Buckingham County","Census Tract 9301.01, Buckingham County, Virginia","Average Life Expectancy","Estimate","77.2 Years"
"69","hhincE","51029930101","Buckingham County","Census Tract 9301.01, Buckingham County, Virginia","Median Household Income","Estimate","$45,377"
"70","badegreeE","51029930102","Buckingham County","Census Tract 9301.02, Buckingham County, Virginia","% with Bachelors Degree","Estimate","13.7% of Adults"
"71","life_expE","51029930102","Buckingham County","Census Tract 9301.02, Buckingham County, Virginia","Average Life Expectancy","Estimate","75.7 Years"
"72","hhincE","51029930102","Buckingham County","Census Tract 9301.02, Buckingham County, Virginia","Median Household Income","Estimate","$42,540"
"73","badegreeE","51029930201","Buckingham County","Census Tract 9302.01, Buckingham County, Virginia","% with Bachelors Degree","Estimate","6.3% of Adults"
"74","life_expE","51029930201","Buckingham County","Census Tract 9302.01, Buckingham County, Virginia","Average Life Expectancy","Estimate","78.1 Years"
"75","hhincE","51029930201","Buckingham County","Census Tract 9302.01, Buckingham County, Virginia","Median Household Income","Estimate","$48,151"
"76","badegreeE","51029930202","Buckingham County","Census Tract 9302.02, Buckingham County, Virginia","% with Bachelors Degree","Estimate","18.2% of Adults"
"77","life_expE","51029930202","Buckingham County","Census Tract 9302.02, Buckingham County, Virginia","Average Life Expectancy","Estimate","80.3 Years"
"78","hhincE","51029930202","Buckingham County","Census Tract 9302.02, Buckingham County, Virginia","Median Household Income","Estimate","$51,212"
"79","badegreeE","51065020101","Fluvanna County","Census Tract 201.01, Fluvanna County, Virginia","% with Bachelors Degree","Estimate","24.9% of Adults"
"80","life_expE","51065020101","Fluvanna County","Census Tract 201.01, Fluvanna County, Virginia","Average Life Expectancy","Estimate","77.9 Years"
"81","hhincE","51065020101","Fluvanna County","Census Tract 201.01, Fluvanna County, Virginia","Median Household Income","Estimate","$78,654"
"82","badegreeE","51065020102","Fluvanna County","Census Tract 201.02, Fluvanna County, Virginia","% with Bachelors Degree","Estimate","48.1% of Adults"
"83","life_expE","51065020102","Fluvanna County","Census Tract 201.02, Fluvanna County, Virginia","Average Life Expectancy","Estimate","85.3 Years"
"84","hhincE","51065020102","Fluvanna County","Census Tract 201.02, Fluvanna County, Virginia","Median Household Income","Estimate","$77,466"
"85","badegreeE","51065020200","Fluvanna County","Census Tract 202, Fluvanna County, Virginia","% with Bachelors Degree","Estimate","27.5% of Adults"
"86","life_expE","51065020200","Fluvanna County","Census Tract 202, Fluvanna County, Virginia","Average Life Expectancy","Estimate","76.8 Years"
"87","hhincE","51065020200","Fluvanna County","Census Tract 202, Fluvanna County, Virginia","Median Household Income","Estimate","$68,817"
"88","badegreeE","51065020300","Fluvanna County","Census Tract 203, Fluvanna County, Virginia","% with Bachelors Degree","Estimate","27.2% of Adults"
"89","life_expE","51065020300","Fluvanna County","Census Tract 203, Fluvanna County, Virginia","Average Life Expectancy","Estimate","NA Years"
"90","hhincE","51065020300","Fluvanna County","Census Tract 203, Fluvanna County, Virginia","Median Household Income","Estimate","$68,906"
"91","badegreeE","51079030101","Greene County","Census Tract 301.01, Greene County, Virginia","% with Bachelors Degree","Estimate","22.2% of Adults"
"92","life_expE","51079030101","Greene County","Census Tract 301.01, Greene County, Virginia","Average Life Expectancy","Estimate","75.2 Years"
"93","hhincE","51079030101","Greene County","Census Tract 301.01, Greene County, Virginia","Median Household Income","Estimate","$53,667"
"94","badegreeE","51079030102","Greene County","Census Tract 301.02, Greene County, Virginia","% with Bachelors Degree","Estimate","22.3% of Adults"
"95","life_expE","51079030102","Greene County","Census Tract 301.02, Greene County, Virginia","Average Life Expectancy","Estimate","84.7 Years"
"96","hhincE","51079030102","Greene County","Census Tract 301.02, Greene County, Virginia","Median Household Income","Estimate","$59,949"
"97","badegreeE","51079030200","Greene County","Census Tract 302, Greene County, Virginia","% with Bachelors Degree","Estimate","32.7% of Adults"
"98","life_expE","51079030200","Greene County","Census Tract 302, Greene County, Virginia","Average Life Expectancy","Estimate","81.6 Years"
"99","hhincE","51079030200","Greene County","Census Tract 302, Greene County, Virginia","Median Household Income","Estimate","$74,676"
"100","badegreeE","51109950100","Louisa County","Census Tract 9501, Louisa County, Virginia","% with Bachelors Degree","Estimate","23.1% of Adults"
"101","life_expE","51109950100","Louisa County","Census Tract 9501, Louisa County, Virginia","Average Life Expectancy","Estimate","79.8 Years"
"102","hhincE","51109950100","Louisa County","Census Tract 9501, Louisa County, Virginia","Median Household Income","Estimate","$68,979"
"103","badegreeE","51109950201","Louisa County","Census Tract 9502.01, Louisa County, Virginia","% with Bachelors Degree","Estimate","21.7% of Adults"
"104","life_expE","51109950201","Louisa County","Census Tract 9502.01, Louisa County, Virginia","Average Life Expectancy","Estimate","75.9 Years"
"105","hhincE","51109950201","Louisa County","Census Tract 9502.01, Louisa County, Virginia","Median Household Income","Estimate","$41,900"
"106","badegreeE","51109950202","Louisa County","Census Tract 9502.02, Louisa County, Virginia","% with Bachelors Degree","Estimate","25.9% of Adults"
"107","life_expE","51109950202","Louisa County","Census Tract 9502.02, Louisa County, Virginia","Average Life Expectancy","Estimate","80 Years"
"108","hhincE","51109950202","Louisa County","Census Tract 9502.02, Louisa County, Virginia","Median Household Income","Estimate","$63,860"
"109","badegreeE","51109950300","Louisa County","Census Tract 9503, Louisa County, Virginia","% with Bachelors Degree","Estimate","26.6% of Adults"
"110","life_expE","51109950300","Louisa County","Census Tract 9503, Louisa County, Virginia","Average Life Expectancy","Estimate","77.6 Years"
"111","hhincE","51109950300","Louisa County","Census Tract 9503, Louisa County, Virginia","Median Household Income","Estimate","$61,891"
"112","badegreeE","51109950400","Louisa County","Census Tract 9504, Louisa County, Virginia","% with Bachelors Degree","Estimate","31.7% of Adults"
"113","life_expE","51109950400","Louisa County","Census Tract 9504, Louisa County, Virginia","Average Life Expectancy","Estimate","76 Years"
"114","hhincE","51109950400","Louisa County","Census Tract 9504, Louisa County, Virginia","Median Household Income","Estimate","$58,810"
"115","badegreeE","51109950500","Louisa County","Census Tract 9505, Louisa County, Virginia","% with Bachelors Degree","Estimate","14.1% of Adults"
"116","life_expE","51109950500","Louisa County","Census Tract 9505, Louisa County, Virginia","Average Life Expectancy","Estimate","76.1 Years"
"117","hhincE","51109950500","Louisa County","Census Tract 9505, Louisa County, Virginia","Median Household Income","Estimate","$56,383"
"118","badegreeE","51113930100","Madison County","Census Tract 9301, Madison County, Virginia","% with Bachelors Degree","Estimate","26.4% of Adults"
"119","life_expE","51113930100","Madison County","Census Tract 9301, Madison County, Virginia","Average Life Expectancy","Estimate","80.4 Years"
"120","hhincE","51113930100","Madison County","Census Tract 9301, Madison County, Virginia","Median Household Income","Estimate","$63,377"
"121","badegreeE","51113930200","Madison County","Census Tract 9302, Madison County, Virginia","% with Bachelors Degree","Estimate","21.2% of Adults"
"122","life_expE","51113930200","Madison County","Census Tract 9302, Madison County, Virginia","Average Life Expectancy","Estimate","76 Years"
"123","hhincE","51113930200","Madison County","Census Tract 9302, Madison County, Virginia","Median Household Income","Estimate","$48,821"
"124","badegreeE","51125950100","Nelson County","Census Tract 9501, Nelson County, Virginia","% with Bachelors Degree","Estimate","11.6% of Adults"
"125","life_expE","51125950100","Nelson County","Census Tract 9501, Nelson County, Virginia","Average Life Expectancy","Estimate","73.3 Years"
"126","hhincE","51125950100","Nelson County","Census Tract 9501, Nelson County, Virginia","Median Household Income","Estimate","$50,881"
"127","badegreeE","51125950200","Nelson County","Census Tract 9502, Nelson County, Virginia","% with Bachelors Degree","Estimate","51.5% of Adults"
"128","life_expE","51125950200","Nelson County","Census Tract 9502, Nelson County, Virginia","Average Life Expectancy","Estimate","82.4 Years"
"129","hhincE","51125950200","Nelson County","Census Tract 9502, Nelson County, Virginia","Median Household Income","Estimate","$75,169"
"130","badegreeE","51125950300","Nelson County","Census Tract 9503, Nelson County, Virginia","% with Bachelors Degree","Estimate","29% of Adults"
"131","life_expE","51125950300","Nelson County","Census Tract 9503, Nelson County, Virginia","Average Life Expectancy","Estimate","77.6 Years"
"132","hhincE","51125950300","Nelson County","Census Tract 9503, Nelson County, Virginia","Median Household Income","Estimate","$59,500"
"133","badegreeE","51137110102","Orange County","Census Tract 1101.02, Orange County, Virginia","% with Bachelors Degree","Estimate","12.5% of Adults"
"134","life_expE","51137110102","Orange County","Census Tract 1101.02, Orange County, Virginia","Average Life Expectancy","Estimate","75.1 Years"
"135","hhincE","51137110102","Orange County","Census Tract 1101.02, Orange County, Virginia","Median Household Income","Estimate","$64,605"
"136","badegreeE","51137110103","Orange County","Census Tract 1101.03, Orange County, Virginia","% with Bachelors Degree","Estimate","37.6% of Adults"
"137","life_expE","51137110103","Orange County","Census Tract 1101.03, Orange County, Virginia","Average Life Expectancy","Estimate","82.2 Years"
"138","hhincE","51137110103","Orange County","Census Tract 1101.03, Orange County, Virginia","Median Household Income","Estimate","$83,412"
"139","badegreeE","51137110104","Orange County","Census Tract 1101.04, Orange County, Virginia","% with Bachelors Degree","Estimate","19.6% of Adults"
"140","life_expE","51137110104","Orange County","Census Tract 1101.04, Orange County, Virginia","Average Life Expectancy","Estimate","79.7 Years"
"141","hhincE","51137110104","Orange County","Census Tract 1101.04, Orange County, Virginia","Median Household Income","Estimate","$73,170"
"142","badegreeE","51137110200","Orange County","Census Tract 1102, Orange County, Virginia","% with Bachelors Degree","Estimate","24.4% of Adults"
"143","life_expE","51137110200","Orange County","Census Tract 1102, Orange County, Virginia","Average Life Expectancy","Estimate","76.7 Years"
"144","hhincE","51137110200","Orange County","Census Tract 1102, Orange County, Virginia","Median Household Income","Estimate","$44,732"
"145","badegreeE","51137110300","Orange County","Census Tract 1103, Orange County, Virginia","% with Bachelors Degree","Estimate","20.7% of Adults"
"146","life_expE","51137110300","Orange County","Census Tract 1103, Orange County, Virginia","Average Life Expectancy","Estimate","78.6 Years"
"147","hhincE","51137110300","Orange County","Census Tract 1103, Orange County, Virginia","Median Household Income","Estimate","$62,656"
"148","badegreeE","51540000201","Charlottesville","Census Tract 2.01, Charlottesville city, Virginia","% with Bachelors Degree","Estimate","58.6% of Adults"
"149","life_expE","51540000201","Charlottesville","Census Tract 2.01, Charlottesville city, Virginia","Average Life Expectancy","Estimate","78.7 Years"
"150","hhincE","51540000201","Charlottesville","Census Tract 2.01, Charlottesville city, Virginia","Median Household Income","Estimate","$57,991"
"151","badegreeE","51540000202","Charlottesville","Census Tract 2.02, Charlottesville city, Virginia","% with Bachelors Degree","Estimate","30.5% of Adults"
"152","life_expE","51540000202","Charlottesville","Census Tract 2.02, Charlottesville city, Virginia","Average Life Expectancy","Estimate","NA Years"
"153","hhincE","51540000202","Charlottesville","Census Tract 2.02, Charlottesville city, Virginia","Median Household Income","Estimate","$22,957"
"154","badegreeE","51540000302","Charlottesville","Census Tract 3.02, Charlottesville city, Virginia","% with Bachelors Degree","Estimate","50.7% of Adults"
"155","life_expE","51540000302","Charlottesville","Census Tract 3.02, Charlottesville city, Virginia","Average Life Expectancy","Estimate","80.4 Years"
"156","hhincE","51540000302","Charlottesville","Census Tract 3.02, Charlottesville city, Virginia","Median Household Income","Estimate","$63,382"
"157","badegreeE","51540000401","Charlottesville","Census Tract 4.01, Charlottesville city, Virginia","% with Bachelors Degree","Estimate","38.5% of Adults"
"158","life_expE","51540000401","Charlottesville","Census Tract 4.01, Charlottesville city, Virginia","Average Life Expectancy","Estimate","73.7 Years"
"159","hhincE","51540000401","Charlottesville","Census Tract 4.01, Charlottesville city, Virginia","Median Household Income","Estimate","$52,083"
"160","badegreeE","51540000402","Charlottesville","Census Tract 4.02, Charlottesville city, Virginia","% with Bachelors Degree","Estimate","38.3% of Adults"
"161","life_expE","51540000402","Charlottesville","Census Tract 4.02, Charlottesville city, Virginia","Average Life Expectancy","Estimate","76.3 Years"
"162","hhincE","51540000402","Charlottesville","Census Tract 4.02, Charlottesville city, Virginia","Median Household Income","Estimate","$58,478"
"163","badegreeE","51540000501","Charlottesville","Census Tract 5.01, Charlottesville city, Virginia","% with Bachelors Degree","Estimate","31.7% of Adults"
"164","life_expE","51540000501","Charlottesville","Census Tract 5.01, Charlottesville city, Virginia","Average Life Expectancy","Estimate","76.4 Years"
"165","hhincE","51540000501","Charlottesville","Census Tract 5.01, Charlottesville city, Virginia","Median Household Income","Estimate","$40,074"
"166","badegreeE","51540000502","Charlottesville","Census Tract 5.02, Charlottesville city, Virginia","% with Bachelors Degree","Estimate","60.9% of Adults"
"167","life_expE","51540000502","Charlottesville","Census Tract 5.02, Charlottesville city, Virginia","Average Life Expectancy","Estimate","79.8 Years"
"168","hhincE","51540000502","Charlottesville","Census Tract 5.02, Charlottesville city, Virginia","Median Household Income","Estimate","$88,000"
"169","badegreeE","51540000600","Charlottesville","Census Tract 6, Charlottesville city, Virginia","% with Bachelors Degree","Estimate","64% of Adults"
"170","life_expE","51540000600","Charlottesville","Census Tract 6, Charlottesville city, Virginia","Average Life Expectancy","Estimate","NA Years"
"171","hhincE","51540000600","Charlottesville","Census Tract 6, Charlottesville city, Virginia","Median Household Income","Estimate","$31,458"
"172","badegreeE","51540000700","Charlottesville","Census Tract 7, Charlottesville city, Virginia","% with Bachelors Degree","Estimate","82.5% of Adults"
"173","life_expE","51540000700","Charlottesville","Census Tract 7, Charlottesville city, Virginia","Average Life Expectancy","Estimate","82.6 Years"
"174","hhincE","51540000700","Charlottesville","Census Tract 7, Charlottesville city, Virginia","Median Household Income","Estimate","$78,565"
"175","badegreeE","51540000800","Charlottesville","Census Tract 8, Charlottesville city, Virginia","% with Bachelors Degree","Estimate","51.7% of Adults"
"176","life_expE","51540000800","Charlottesville","Census Tract 8, Charlottesville city, Virginia","Average Life Expectancy","Estimate","79.4 Years"
"177","hhincE","51540000800","Charlottesville","Census Tract 8, Charlottesville city, Virginia","Median Household Income","Estimate","$75,293"
"178","badegreeE","51540000900","Charlottesville","Census Tract 9, Charlottesville city, Virginia","% with Bachelors Degree","Estimate","52.2% of Adults"
"179","life_expE","51540000900","Charlottesville","Census Tract 9, Charlottesville city, Virginia","Average Life Expectancy","Estimate","81.3 Years"
"180","hhincE","51540000900","Charlottesville","Census Tract 9, Charlottesville city, Virginia","Median Household Income","Estimate","$72,267"
"181","badegreeE","51540001000","Charlottesville","Census Tract 10, Charlottesville city, Virginia","% with Bachelors Degree","Estimate","74.4% of Adults"
"182","life_expE","51540001000","Charlottesville","Census Tract 10, Charlottesville city, Virginia","Average Life Expectancy","Estimate","82.5 Years"
"183","hhincE","51540001000","Charlottesville","Census Tract 10, Charlottesville city, Virginia","Median Household Income","Estimate","$76,220"
"184","badegreeE","51003010100","Albemarle County","Census Tract 101, Albemarle County, Virginia","% with Bachelors Degree","County Comaprison","19.4% Below Median"
"185","life_expE","51003010100","Albemarle County","Census Tract 101, Albemarle County, Virginia","Average Life Expectancy","County Comaprison","4.5% Above Median"
"186","hhincE","51003010100","Albemarle County","Census Tract 101, Albemarle County, Virginia","Median Household Income","County Comaprison","20.8% Above Median"
"187","badegreeE","51003010201","Albemarle County","Census Tract 102.01, Albemarle County, Virginia","% with Bachelors Degree","County Comaprison","13.5% Below Median"
"188","life_expE","51003010201","Albemarle County","Census Tract 102.01, Albemarle County, Virginia","Average Life Expectancy","County Comaprison","4.2% Below Median"
"189","hhincE","51003010201","Albemarle County","Census Tract 102.01, Albemarle County, Virginia","Median Household Income","County Comaprison","6.5% Above Median"
"190","badegreeE","51003010202","Albemarle County","Census Tract 102.02, Albemarle County, Virginia","% with Bachelors Degree","County Comaprison","19.8% Above Median"
"191","life_expE","51003010202","Albemarle County","Census Tract 102.02, Albemarle County, Virginia","Average Life Expectancy","County Comaprison","0.3% Above Median"
"192","hhincE","51003010202","Albemarle County","Census Tract 102.02, Albemarle County, Virginia","Median Household Income","County Comaprison","60.1% Above Median"
"193","badegreeE","51003010300","Albemarle County","Census Tract 103, Albemarle County, Virginia","% with Bachelors Degree","County Comaprison","5.2% Below Median"
"194","life_expE","51003010300","Albemarle County","Census Tract 103, Albemarle County, Virginia","Average Life Expectancy","County Comaprison","1.5% Above Median"
"195","hhincE","51003010300","Albemarle County","Census Tract 103, Albemarle County, Virginia","Median Household Income","County Comaprison","4.2% Above Median"
"196","badegreeE","51003010401","Albemarle County","Census Tract 104.01, Albemarle County, Virginia","% with Bachelors Degree","County Comaprison","24.6% Below Median"
"197","life_expE","51003010401","Albemarle County","Census Tract 104.01, Albemarle County, Virginia","Average Life Expectancy","County Comaprison","0.1% Below Median"
"198","hhincE","51003010401","Albemarle County","Census Tract 104.01, Albemarle County, Virginia","Median Household Income","County Comaprison","3.4% Above Median"
"199","badegreeE","51003010402","Albemarle County","Census Tract 104.02, Albemarle County, Virginia","% with Bachelors Degree","County Comaprison","3% Above Median"
"200","life_expE","51003010402","Albemarle County","Census Tract 104.02, Albemarle County, Virginia","Average Life Expectancy","County Comaprison","3.8% Above Median"
"201","hhincE","51003010402","Albemarle County","Census Tract 104.02, Albemarle County, Virginia","Median Household Income","County Comaprison","38.8% Above Median"
"202","badegreeE","51003010500","Albemarle County","Census Tract 105, Albemarle County, Virginia","% with Bachelors Degree","County Comaprison","5.9% Above Median"
"203","life_expE","51003010500","Albemarle County","Census Tract 105, Albemarle County, Virginia","Average Life Expectancy","County Comaprison","2.7% Above Median"
"204","hhincE","51003010500","Albemarle County","Census Tract 105, Albemarle County, Virginia","Median Household Income","County Comaprison","0.1% Above Median"
"205","badegreeE","51003010601","Albemarle County","Census Tract 106.01, Albemarle County, Virginia","% with Bachelors Degree","County Comaprison","11.8% Below Median"
"206","life_expE","51003010601","Albemarle County","Census Tract 106.01, Albemarle County, Virginia","Average Life Expectancy","County Comaprison","1.2% Below Median"
"207","hhincE","51003010601","Albemarle County","Census Tract 106.01, Albemarle County, Virginia","Median Household Income","County Comaprison","21.6% Below Median"
"208","badegreeE","51003010602","Albemarle County","Census Tract 106.02, Albemarle County, Virginia","% with Bachelors Degree","County Comaprison","17.5% Above Median"
"209","life_expE","51003010602","Albemarle County","Census Tract 106.02, Albemarle County, Virginia","Average Life Expectancy","County Comaprison","0.6% Below Median"
"210","hhincE","51003010602","Albemarle County","Census Tract 106.02, Albemarle County, Virginia","Median Household Income","County Comaprison","25% Above Median"
"211","badegreeE","51003010700","Albemarle County","Census Tract 107, Albemarle County, Virginia","% with Bachelors Degree","County Comaprison","36.5% Below Median"
"212","life_expE","51003010700","Albemarle County","Census Tract 107, Albemarle County, Virginia","Average Life Expectancy","County Comaprison","4.9% Below Median"
"213","hhincE","51003010700","Albemarle County","Census Tract 107, Albemarle County, Virginia","Median Household Income","County Comaprison","31.4% Below Median"
"214","badegreeE","51003010800","Albemarle County","Census Tract 108, Albemarle County, Virginia","% with Bachelors Degree","County Comaprison","1.8% Above Median"
"215","life_expE","51003010800","Albemarle County","Census Tract 108, Albemarle County, Virginia","Average Life Expectancy","County Comaprison","2.4% Above Median"
"216","hhincE","51003010800","Albemarle County","Census Tract 108, Albemarle County, Virginia","Median Household Income","County Comaprison","15% Below Median"
"217","badegreeE","51003010901","Albemarle County","Census Tract 109.01, Albemarle County, Virginia","% with Bachelors Degree","County Comaprison","64.7% Above Median"
"218","life_expE","51003010901","Albemarle County","Census Tract 109.01, Albemarle County, Virginia","Average Life Expectancy","County Comaprison","2.5% Below Median"
"219","hhincE","51003010901","Albemarle County","Census Tract 109.01, Albemarle County, Virginia","Median Household Income","County Comaprison","52.7% Below Median"
"220","badegreeE","51003010902","Albemarle County","Census Tract 109.02, Albemarle County, Virginia","% with Bachelors Degree","County Comaprison","1.8% Below Median"
"221","life_expE","51003010902","Albemarle County","Census Tract 109.02, Albemarle County, Virginia","Average Life Expectancy","County Comaprison",NA
"222","hhincE","51003010902","Albemarle County","Census Tract 109.02, Albemarle County, Virginia","Median Household Income","County Comaprison","46.6% Below Median"
"223","badegreeE","51003010903","Albemarle County","Census Tract 109.03, Albemarle County, Virginia","% with Bachelors Degree","County Comaprison","3.6% Above Median"
"224","life_expE","51003010903","Albemarle County","Census Tract 109.03, Albemarle County, Virginia","Average Life Expectancy","County Comaprison",NA
"225","hhincE","51003010903","Albemarle County","Census Tract 109.03, Albemarle County, Virginia","Median Household Income","County Comaprison","96.7% Below Median"
"226","badegreeE","51003011000","Albemarle County","Census Tract 110, Albemarle County, Virginia","% with Bachelors Degree","County Comaprison","41.7% Above Median"
"227","life_expE","51003011000","Albemarle County","Census Tract 110, Albemarle County, Virginia","Average Life Expectancy","County Comaprison","7% Above Median"
"228","hhincE","51003011000","Albemarle County","Census Tract 110, Albemarle County, Virginia","Median Household Income","County Comaprison","91.6% Above Median"
"229","badegreeE","51003011100","Albemarle County","Census Tract 111, Albemarle County, Virginia","% with Bachelors Degree","County Comaprison","10.2% Above Median"
"230","life_expE","51003011100","Albemarle County","Census Tract 111, Albemarle County, Virginia","Average Life Expectancy","County Comaprison","0.1% Above Median"
"231","hhincE","51003011100","Albemarle County","Census Tract 111, Albemarle County, Virginia","Median Household Income","County Comaprison","0.1% Below Median"
"232","badegreeE","51003011201","Albemarle County","Census Tract 112.01, Albemarle County, Virginia","% with Bachelors Degree","County Comaprison","11.6% Below Median"
"233","life_expE","51003011201","Albemarle County","Census Tract 112.01, Albemarle County, Virginia","Average Life Expectancy","County Comaprison","2.7% Below Median"
"234","hhincE","51003011201","Albemarle County","Census Tract 112.01, Albemarle County, Virginia","Median Household Income","County Comaprison","0.1% Below Median"
"235","badegreeE","51003011202","Albemarle County","Census Tract 112.02, Albemarle County, Virginia","% with Bachelors Degree","County Comaprison","25.5% Above Median"
"236","life_expE","51003011202","Albemarle County","Census Tract 112.02, Albemarle County, Virginia","Average Life Expectancy","County Comaprison","8% Above Median"
"237","hhincE","51003011202","Albemarle County","Census Tract 112.02, Albemarle County, Virginia","Median Household Income","County Comaprison","59.9% Above Median"
"238","badegreeE","51003011301","Albemarle County","Census Tract 113.01, Albemarle County, Virginia","% with Bachelors Degree","County Comaprison","40.1% Below Median"
"239","life_expE","51003011301","Albemarle County","Census Tract 113.01, Albemarle County, Virginia","Average Life Expectancy","County Comaprison","4.3% Above Median"
"240","hhincE","51003011301","Albemarle County","Census Tract 113.01, Albemarle County, Virginia","Median Household Income","County Comaprison","3.8% Below Median"
"241","badegreeE","51003011302","Albemarle County","Census Tract 113.02, Albemarle County, Virginia","% with Bachelors Degree","County Comaprison","23.9% Below Median"
"242","life_expE","51003011302","Albemarle County","Census Tract 113.02, Albemarle County, Virginia","Average Life Expectancy","County Comaprison","6.4% Below Median"
"243","hhincE","51003011302","Albemarle County","Census Tract 113.02, Albemarle County, Virginia","Median Household Income","County Comaprison","20.4% Below Median"
"244","badegreeE","51003011303","Albemarle County","Census Tract 113.03, Albemarle County, Virginia","% with Bachelors Degree","County Comaprison","10% Above Median"
"245","life_expE","51003011303","Albemarle County","Census Tract 113.03, Albemarle County, Virginia","Average Life Expectancy","County Comaprison","0.8% Below Median"
"246","hhincE","51003011303","Albemarle County","Census Tract 113.03, Albemarle County, Virginia","Median Household Income","County Comaprison","7.2% Above Median"
"247","badegreeE","51003011400","Albemarle County","Census Tract 114, Albemarle County, Virginia","% with Bachelors Degree","County Comaprison","51.2% Below Median"
"248","life_expE","51003011400","Albemarle County","Census Tract 114, Albemarle County, Virginia","Average Life Expectancy","County Comaprison","2% Below Median"
"249","hhincE","51003011400","Albemarle County","Census Tract 114, Albemarle County, Virginia","Median Household Income","County Comaprison","29.2% Below Median"
"250","badegreeE","51029930101","Buckingham County","Census Tract 9301.01, Buckingham County, Virginia","% with Bachelors Degree","County Comaprison","19.7% Below Median"
"251","life_expE","51029930101","Buckingham County","Census Tract 9301.01, Buckingham County, Virginia","Average Life Expectancy","County Comaprison","0.6% Below Median"
"252","hhincE","51029930101","Buckingham County","Census Tract 9301.01, Buckingham County, Virginia","Median Household Income","County Comaprison","3% Below Median"
"253","badegreeE","51029930102","Buckingham County","Census Tract 9301.02, Buckingham County, Virginia","% with Bachelors Degree","County Comaprison","19.7% Above Median"
"254","life_expE","51029930102","Buckingham County","Census Tract 9301.02, Buckingham County, Virginia","Average Life Expectancy","County Comaprison","2.5% Below Median"
"255","hhincE","51029930102","Buckingham County","Census Tract 9301.02, Buckingham County, Virginia","Median Household Income","County Comaprison","9% Below Median"
"256","badegreeE","51029930201","Buckingham County","Census Tract 9302.01, Buckingham County, Virginia","% with Bachelors Degree","County Comaprison","45% Below Median"
"257","life_expE","51029930201","Buckingham County","Census Tract 9302.01, Buckingham County, Virginia","Average Life Expectancy","County Comaprison","0.6% Above Median"
"258","hhincE","51029930201","Buckingham County","Census Tract 9302.01, Buckingham County, Virginia","Median Household Income","County Comaprison","3% Above Median"
"259","badegreeE","51029930202","Buckingham County","Census Tract 9302.02, Buckingham County, Virginia","% with Bachelors Degree","County Comaprison","59% Above Median"
"260","life_expE","51029930202","Buckingham County","Census Tract 9302.02, Buckingham County, Virginia","Average Life Expectancy","County Comaprison","3.4% Above Median"
"261","hhincE","51029930202","Buckingham County","Census Tract 9302.02, Buckingham County, Virginia","Median Household Income","County Comaprison","9.5% Above Median"
"262","badegreeE","51065020101","Fluvanna County","Census Tract 201.01, Fluvanna County, Virginia","% with Bachelors Degree","County Comaprison","9% Below Median"
"263","life_expE","51065020101","Fluvanna County","Census Tract 201.01, Fluvanna County, Virginia","Average Life Expectancy","County Comaprison","0% Above Median"
"264","hhincE","51065020101","Fluvanna County","Census Tract 201.01, Fluvanna County, Virginia","Median Household Income","County Comaprison","7.5% Above Median"
"265","badegreeE","51065020102","Fluvanna County","Census Tract 201.02, Fluvanna County, Virginia","% with Bachelors Degree","County Comaprison","75.9% Above Median"
"266","life_expE","51065020102","Fluvanna County","Census Tract 201.02, Fluvanna County, Virginia","Average Life Expectancy","County Comaprison","9.5% Above Median"
"267","hhincE","51065020102","Fluvanna County","Census Tract 201.02, Fluvanna County, Virginia","Median Household Income","County Comaprison","5.8% Above Median"
"268","badegreeE","51065020200","Fluvanna County","Census Tract 202, Fluvanna County, Virginia","% with Bachelors Degree","County Comaprison","0.5% Above Median"
"269","life_expE","51065020200","Fluvanna County","Census Tract 202, Fluvanna County, Virginia","Average Life Expectancy","County Comaprison","1.4% Below Median"
"270","hhincE","51065020200","Fluvanna County","Census Tract 202, Fluvanna County, Virginia","Median Household Income","County Comaprison","6% Below Median"
"271","badegreeE","51065020300","Fluvanna County","Census Tract 203, Fluvanna County, Virginia","% with Bachelors Degree","County Comaprison","0.5% Below Median"
"272","life_expE","51065020300","Fluvanna County","Census Tract 203, Fluvanna County, Virginia","Average Life Expectancy","County Comaprison",NA
"273","hhincE","51065020300","Fluvanna County","Census Tract 203, Fluvanna County, Virginia","Median Household Income","County Comaprison","5.8% Below Median"
"274","badegreeE","51079030101","Greene County","Census Tract 301.01, Greene County, Virginia","% with Bachelors Degree","County Comaprison","0.4% Below Median"
"275","life_expE","51079030101","Greene County","Census Tract 301.01, Greene County, Virginia","Average Life Expectancy","County Comaprison","7.8% Below Median"
"276","hhincE","51079030101","Greene County","Census Tract 301.01, Greene County, Virginia","Median Household Income","County Comaprison","10.5% Below Median"
"277","badegreeE","51079030102","Greene County","Census Tract 301.02, Greene County, Virginia","% with Bachelors Degree","County Comaprison","0% Above Median"
"278","life_expE","51079030102","Greene County","Census Tract 301.02, Greene County, Virginia","Average Life Expectancy","County Comaprison","3.8% Above Median"
"279","hhincE","51079030102","Greene County","Census Tract 301.02, Greene County, Virginia","Median Household Income","County Comaprison","0% Above Median"
"280","badegreeE","51079030200","Greene County","Census Tract 302, Greene County, Virginia","% with Bachelors Degree","County Comaprison","46.6% Above Median"
"281","life_expE","51079030200","Greene County","Census Tract 302, Greene County, Virginia","Average Life Expectancy","County Comaprison","0% Above Median"
"282","hhincE","51079030200","Greene County","Census Tract 302, Greene County, Virginia","Median Household Income","County Comaprison","24.6% Above Median"
"283","badegreeE","51109950100","Louisa County","Census Tract 9501, Louisa County, Virginia","% with Bachelors Degree","County Comaprison","5.7% Below Median"
"284","life_expE","51109950100","Louisa County","Census Tract 9501, Louisa County, Virginia","Average Life Expectancy","County Comaprison","3.8% Above Median"
"285","hhincE","51109950100","Louisa County","Census Tract 9501, Louisa County, Virginia","Median Household Income","County Comaprison","14.3% Above Median"
"286","badegreeE","51109950201","Louisa County","Census Tract 9502.01, Louisa County, Virginia","% with Bachelors Degree","County Comaprison","11.4% Below Median"
"287","life_expE","51109950201","Louisa County","Census Tract 9502.01, Louisa County, Virginia","Average Life Expectancy","County Comaprison","1.2% Below Median"
"288","hhincE","51109950201","Louisa County","Census Tract 9502.01, Louisa County, Virginia","Median Household Income","County Comaprison","30.6% Below Median"
"289","badegreeE","51109950202","Louisa County","Census Tract 9502.02, Louisa County, Virginia","% with Bachelors Degree","County Comaprison","5.7% Above Median"
"290","life_expE","51109950202","Louisa County","Census Tract 9502.02, Louisa County, Virginia","Average Life Expectancy","County Comaprison","4.1% Above Median"
"291","hhincE","51109950202","Louisa County","Census Tract 9502.02, Louisa County, Virginia","Median Household Income","County Comaprison","5.8% Above Median"
"292","badegreeE","51109950300","Louisa County","Census Tract 9503, Louisa County, Virginia","% with Bachelors Degree","County Comaprison","8.6% Above Median"
"293","life_expE","51109950300","Louisa County","Census Tract 9503, Louisa County, Virginia","Average Life Expectancy","County Comaprison","1% Above Median"
"294","hhincE","51109950300","Louisa County","Census Tract 9503, Louisa County, Virginia","Median Household Income","County Comaprison","2.6% Above Median"
"295","badegreeE","51109950400","Louisa County","Census Tract 9504, Louisa County, Virginia","% with Bachelors Degree","County Comaprison","29.4% Above Median"
"296","life_expE","51109950400","Louisa County","Census Tract 9504, Louisa County, Virginia","Average Life Expectancy","County Comaprison","1.1% Below Median"
"297","hhincE","51109950400","Louisa County","Census Tract 9504, Louisa County, Virginia","Median Household Income","County Comaprison","2.6% Below Median"
"298","badegreeE","51109950500","Louisa County","Census Tract 9505, Louisa County, Virginia","% with Bachelors Degree","County Comaprison","42.4% Below Median"
"299","life_expE","51109950500","Louisa County","Census Tract 9505, Louisa County, Virginia","Average Life Expectancy","County Comaprison","1% Below Median"
"300","hhincE","51109950500","Louisa County","Census Tract 9505, Louisa County, Virginia","Median Household Income","County Comaprison","6.6% Below Median"
"301","badegreeE","51113930100","Madison County","Census Tract 9301, Madison County, Virginia","% with Bachelors Degree","County Comaprison","10.9% Above Median"
"302","life_expE","51113930100","Madison County","Census Tract 9301, Madison County, Virginia","Average Life Expectancy","County Comaprison","2.8% Above Median"
"303","hhincE","51113930100","Madison County","Census Tract 9301, Madison County, Virginia","Median Household Income","County Comaprison","13% Above Median"
"304","badegreeE","51113930200","Madison County","Census Tract 9302, Madison County, Virginia","% with Bachelors Degree","County Comaprison","10.9% Below Median"
"305","life_expE","51113930200","Madison County","Census Tract 9302, Madison County, Virginia","Average Life Expectancy","County Comaprison","2.8% Below Median"
"306","hhincE","51113930200","Madison County","Census Tract 9302, Madison County, Virginia","Median Household Income","County Comaprison","13% Below Median"
"307","badegreeE","51125950100","Nelson County","Census Tract 9501, Nelson County, Virginia","% with Bachelors Degree","County Comaprison","60% Below Median"
"308","life_expE","51125950100","Nelson County","Census Tract 9501, Nelson County, Virginia","Average Life Expectancy","County Comaprison","5.5% Below Median"
"309","hhincE","51125950100","Nelson County","Census Tract 9501, Nelson County, Virginia","Median Household Income","County Comaprison","14.5% Below Median"
"310","badegreeE","51125950200","Nelson County","Census Tract 9502, Nelson County, Virginia","% with Bachelors Degree","County Comaprison","77.6% Above Median"
"311","life_expE","51125950200","Nelson County","Census Tract 9502, Nelson County, Virginia","Average Life Expectancy","County Comaprison","6.2% Above Median"
"312","hhincE","51125950200","Nelson County","Census Tract 9502, Nelson County, Virginia","Median Household Income","County Comaprison","26.3% Above Median"
"313","badegreeE","51125950300","Nelson County","Census Tract 9503, Nelson County, Virginia","% with Bachelors Degree","County Comaprison","0% Above Median"
"314","life_expE","51125950300","Nelson County","Census Tract 9503, Nelson County, Virginia","Average Life Expectancy","County Comaprison","0% Above Median"
"315","hhincE","51125950300","Nelson County","Census Tract 9503, Nelson County, Virginia","Median Household Income","County Comaprison","0% Above Median"
"316","badegreeE","51137110102","Orange County","Census Tract 1101.02, Orange County, Virginia","% with Bachelors Degree","County Comaprison","39.6% Below Median"
"317","life_expE","51137110102","Orange County","Census Tract 1101.02, Orange County, Virginia","Average Life Expectancy","County Comaprison","4.5% Below Median"
"318","hhincE","51137110102","Orange County","Census Tract 1101.02, Orange County, Virginia","Median Household Income","County Comaprison","0% Above Median"
"319","badegreeE","51137110103","Orange County","Census Tract 1101.03, Orange County, Virginia","% with Bachelors Degree","County Comaprison","81.6% Above Median"
"320","life_expE","51137110103","Orange County","Census Tract 1101.03, Orange County, Virginia","Average Life Expectancy","County Comaprison","4.6% Above Median"
"321","hhincE","51137110103","Orange County","Census Tract 1101.03, Orange County, Virginia","Median Household Income","County Comaprison","29.1% Above Median"
"322","badegreeE","51137110104","Orange County","Census Tract 1101.04, Orange County, Virginia","% with Bachelors Degree","County Comaprison","5.3% Below Median"
"323","life_expE","51137110104","Orange County","Census Tract 1101.04, Orange County, Virginia","Average Life Expectancy","County Comaprison","1.4% Above Median"
"324","hhincE","51137110104","Orange County","Census Tract 1101.04, Orange County, Virginia","Median Household Income","County Comaprison","13.3% Above Median"
"325","badegreeE","51137110200","Orange County","Census Tract 1102, Orange County, Virginia","% with Bachelors Degree","County Comaprison","17.9% Above Median"
"326","life_expE","51137110200","Orange County","Census Tract 1102, Orange County, Virginia","Average Life Expectancy","County Comaprison","2.4% Below Median"
"327","hhincE","51137110200","Orange County","Census Tract 1102, Orange County, Virginia","Median Household Income","County Comaprison","30.8% Below Median"
"328","badegreeE","51137110300","Orange County","Census Tract 1103, Orange County, Virginia","% with Bachelors Degree","County Comaprison","0% Above Median"
"329","life_expE","51137110300","Orange County","Census Tract 1103, Orange County, Virginia","Average Life Expectancy","County Comaprison","0% Above Median"
"330","hhincE","51137110300","Orange County","Census Tract 1103, Orange County, Virginia","Median Household Income","County Comaprison","3% Below Median"
"331","badegreeE","51540000201","Charlottesville","Census Tract 2.01, Charlottesville city, Virginia","% with Bachelors Degree","County Comaprison","12.8% Above Median"
"332","life_expE","51540000201","Charlottesville","Census Tract 2.01, Charlottesville city, Virginia","Average Life Expectancy","County Comaprison","1.1% Below Median"
"333","hhincE","51540000201","Charlottesville","Census Tract 2.01, Charlottesville city, Virginia","Median Household Income","County Comaprison","4.8% Below Median"
"334","badegreeE","51540000202","Charlottesville","Census Tract 2.02, Charlottesville city, Virginia","% with Bachelors Degree","County Comaprison","41.3% Below Median"
"335","life_expE","51540000202","Charlottesville","Census Tract 2.02, Charlottesville city, Virginia","Average Life Expectancy","County Comaprison",NA
"336","hhincE","51540000202","Charlottesville","Census Tract 2.02, Charlottesville city, Virginia","Median Household Income","County Comaprison","62.3% Below Median"
"337","badegreeE","51540000302","Charlottesville","Census Tract 3.02, Charlottesville city, Virginia","% with Bachelors Degree","County Comaprison","2.4% Below Median"
"338","life_expE","51540000302","Charlottesville","Census Tract 3.02, Charlottesville city, Virginia","Average Life Expectancy","County Comaprison","1% Above Median"
"339","hhincE","51540000302","Charlottesville","Census Tract 3.02, Charlottesville city, Virginia","Median Household Income","County Comaprison","4% Above Median"
"340","badegreeE","51540000401","Charlottesville","Census Tract 4.01, Charlottesville city, Virginia","% with Bachelors Degree","County Comaprison","25.9% Below Median"
"341","life_expE","51540000401","Charlottesville","Census Tract 4.01, Charlottesville city, Virginia","Average Life Expectancy","County Comaprison","7.4% Below Median"
"342","hhincE","51540000401","Charlottesville","Census Tract 4.01, Charlottesville city, Virginia","Median Household Income","County Comaprison","14.5% Below Median"
"343","badegreeE","51540000402","Charlottesville","Census Tract 4.02, Charlottesville city, Virginia","% with Bachelors Degree","County Comaprison","26.3% Below Median"
"344","life_expE","51540000402","Charlottesville","Census Tract 4.02, Charlottesville city, Virginia","Average Life Expectancy","County Comaprison","4.1% Below Median"
"345","hhincE","51540000402","Charlottesville","Census Tract 4.02, Charlottesville city, Virginia","Median Household Income","County Comaprison","4% Below Median"
"346","badegreeE","51540000501","Charlottesville","Census Tract 5.01, Charlottesville city, Virginia","% with Bachelors Degree","County Comaprison","39% Below Median"
"347","life_expE","51540000501","Charlottesville","Census Tract 5.01, Charlottesville city, Virginia","Average Life Expectancy","County Comaprison","4% Below Median"
"348","hhincE","51540000501","Charlottesville","Census Tract 5.01, Charlottesville city, Virginia","Median Household Income","County Comaprison","34.2% Below Median"
"349","badegreeE","51540000502","Charlottesville","Census Tract 5.02, Charlottesville city, Virginia","% with Bachelors Degree","County Comaprison","17.2% Above Median"
"350","life_expE","51540000502","Charlottesville","Census Tract 5.02, Charlottesville city, Virginia","Average Life Expectancy","County Comaprison","0.3% Above Median"
"351","hhincE","51540000502","Charlottesville","Census Tract 5.02, Charlottesville city, Virginia","Median Household Income","County Comaprison","44.4% Above Median"
"352","badegreeE","51540000600","Charlottesville","Census Tract 6, Charlottesville city, Virginia","% with Bachelors Degree","County Comaprison","23.2% Above Median"
"353","life_expE","51540000600","Charlottesville","Census Tract 6, Charlottesville city, Virginia","Average Life Expectancy","County Comaprison",NA
"354","hhincE","51540000600","Charlottesville","Census Tract 6, Charlottesville city, Virginia","Median Household Income","County Comaprison","48.4% Below Median"
"355","badegreeE","51540000700","Charlottesville","Census Tract 7, Charlottesville city, Virginia","% with Bachelors Degree","County Comaprison","58.8% Above Median"
"356","life_expE","51540000700","Charlottesville","Census Tract 7, Charlottesville city, Virginia","Average Life Expectancy","County Comaprison","3.8% Above Median"
"357","hhincE","51540000700","Charlottesville","Census Tract 7, Charlottesville city, Virginia","Median Household Income","County Comaprison","28.9% Above Median"
"358","badegreeE","51540000800","Charlottesville","Census Tract 8, Charlottesville city, Virginia","% with Bachelors Degree","County Comaprison","0.5% Below Median"
"359","life_expE","51540000800","Charlottesville","Census Tract 8, Charlottesville city, Virginia","Average Life Expectancy","County Comaprison","0.3% Below Median"
"360","hhincE","51540000800","Charlottesville","Census Tract 8, Charlottesville city, Virginia","Median Household Income","County Comaprison","23.6% Above Median"
"361","badegreeE","51540000900","Charlottesville","Census Tract 9, Charlottesville city, Virginia","% with Bachelors Degree","County Comaprison","0.5% Above Median"
"362","life_expE","51540000900","Charlottesville","Census Tract 9, Charlottesville city, Virginia","Average Life Expectancy","County Comaprison","2.1% Above Median"
"363","hhincE","51540000900","Charlottesville","Census Tract 9, Charlottesville city, Virginia","Median Household Income","County Comaprison","18.6% Above Median"
"364","badegreeE","51540001000","Charlottesville","Census Tract 10, Charlottesville city, Virginia","% with Bachelors Degree","County Comaprison","43.2% Above Median"
"365","life_expE","51540001000","Charlottesville","Census Tract 10, Charlottesville city, Virginia","Average Life Expectancy","County Comaprison","3.6% Above Median"
"366","hhincE","51540001000","Charlottesville","Census Tract 10, Charlottesville city, Virginia","Median Household Income","County Comaprison","25.1% Above Median"
"367","badegreeE","51003010100","Albemarle County","Census Tract 101, Albemarle County, Virginia","% with Bachelors Degree","Regional Comparison","18% Above Median"
"368","life_expE","51003010100","Albemarle County","Census Tract 101, Albemarle County, Virginia","Average Life Expectancy","Regional Comparison","5.8% Above Median"
"369","hhincE","51003010100","Albemarle County","Census Tract 101, Albemarle County, Virginia","Median Household Income","Regional Comparison","44.2% Above Median"
"370","badegreeE","51003010201","Albemarle County","Census Tract 102.01, Albemarle County, Virginia","% with Bachelors Degree","Regional Comparison","26.6% Above Median"
"371","life_expE","51003010201","Albemarle County","Census Tract 102.01, Albemarle County, Virginia","Average Life Expectancy","Regional Comparison","3% Below Median"
"372","hhincE","51003010201","Albemarle County","Census Tract 102.01, Albemarle County, Virginia","Median Household Income","Regional Comparison","27.1% Above Median"
"373","badegreeE","51003010202","Albemarle County","Census Tract 102.02, Albemarle County, Virginia","% with Bachelors Degree","Regional Comparison","75.5% Above Median"
"374","life_expE","51003010202","Albemarle County","Census Tract 102.02, Albemarle County, Virginia","Average Life Expectancy","Regional Comparison","1.5% Above Median"
"375","hhincE","51003010202","Albemarle County","Census Tract 102.02, Albemarle County, Virginia","Median Household Income","Regional Comparison","91.1% Above Median"
"376","badegreeE","51003010300","Albemarle County","Census Tract 103, Albemarle County, Virginia","% with Bachelors Degree","Regional Comparison","38.9% Above Median"
"377","life_expE","51003010300","Albemarle County","Census Tract 103, Albemarle County, Virginia","Average Life Expectancy","Regional Comparison","2.8% Above Median"
"378","hhincE","51003010300","Albemarle County","Census Tract 103, Albemarle County, Virginia","Median Household Income","Regional Comparison","24.4% Above Median"
"379","badegreeE","51003010401","Albemarle County","Census Tract 104.01, Albemarle County, Virginia","% with Bachelors Degree","Regional Comparison","10.4% Above Median"
"380","life_expE","51003010401","Albemarle County","Census Tract 104.01, Albemarle County, Virginia","Average Life Expectancy","Regional Comparison","1.1% Above Median"
"381","hhincE","51003010401","Albemarle County","Census Tract 104.01, Albemarle County, Virginia","Median Household Income","Regional Comparison","23.4% Above Median"
"382","badegreeE","51003010402","Albemarle County","Census Tract 104.02, Albemarle County, Virginia","% with Bachelors Degree","Regional Comparison","50.9% Above Median"
"383","life_expE","51003010402","Albemarle County","Census Tract 104.02, Albemarle County, Virginia","Average Life Expectancy","Regional Comparison","5% Above Median"
"384","hhincE","51003010402","Albemarle County","Census Tract 104.02, Albemarle County, Virginia","Median Household Income","Regional Comparison","65.7% Above Median"
"385","badegreeE","51003010500","Albemarle County","Census Tract 105, Albemarle County, Virginia","% with Bachelors Degree","Regional Comparison","55.1% Above Median"
"386","life_expE","51003010500","Albemarle County","Census Tract 105, Albemarle County, Virginia","Average Life Expectancy","Regional Comparison","3.9% Above Median"
"387","hhincE","51003010500","Albemarle County","Census Tract 105, Albemarle County, Virginia","Median Household Income","Regional Comparison","19.4% Above Median"
"388","badegreeE","51003010601","Albemarle County","Census Tract 106.01, Albemarle County, Virginia","% with Bachelors Degree","Regional Comparison","29.2% Above Median"
"389","life_expE","51003010601","Albemarle County","Census Tract 106.01, Albemarle County, Virginia","Average Life Expectancy","Regional Comparison","0% Above Median"
"390","hhincE","51003010601","Albemarle County","Census Tract 106.01, Albemarle County, Virginia","Median Household Income","Regional Comparison","6.4% Below Median"
"391","badegreeE","51003010602","Albemarle County","Census Tract 106.02, Albemarle County, Virginia","% with Bachelors Degree","Regional Comparison","72.1% Above Median"
"392","life_expE","51003010602","Albemarle County","Census Tract 106.02, Albemarle County, Virginia","Average Life Expectancy","Regional Comparison","0.6% Above Median"
"393","hhincE","51003010602","Albemarle County","Census Tract 106.02, Albemarle County, Virginia","Median Household Income","Regional Comparison","49.2% Above Median"
"394","badegreeE","51003010700","Albemarle County","Census Tract 107, Albemarle County, Virginia","% with Bachelors Degree","Regional Comparison","7% Below Median"
"395","life_expE","51003010700","Albemarle County","Census Tract 107, Albemarle County, Virginia","Average Life Expectancy","Regional Comparison","3.8% Below Median"
"396","hhincE","51003010700","Albemarle County","Census Tract 107, Albemarle County, Virginia","Median Household Income","Regional Comparison","18.2% Below Median"
"397","badegreeE","51003010800","Albemarle County","Census Tract 108, Albemarle County, Virginia","% with Bachelors Degree","Regional Comparison","49.1% Above Median"
"398","life_expE","51003010800","Albemarle County","Census Tract 108, Albemarle County, Virginia","Average Life Expectancy","Regional Comparison","3.6% Above Median"
"399","hhincE","51003010800","Albemarle County","Census Tract 108, Albemarle County, Virginia","Median Household Income","Regional Comparison","1.5% Above Median"
"400","badegreeE","51003010901","Albemarle County","Census Tract 109.01, Albemarle County, Virginia","% with Bachelors Degree","Regional Comparison","141.3% Above Median"
"401","life_expE","51003010901","Albemarle County","Census Tract 109.01, Albemarle County, Virginia","Average Life Expectancy","Regional Comparison","1.4% Below Median"
"402","hhincE","51003010901","Albemarle County","Census Tract 109.01, Albemarle County, Virginia","Median Household Income","Regional Comparison","43.6% Below Median"
"403","badegreeE","51003010902","Albemarle County","Census Tract 109.02, Albemarle County, Virginia","% with Bachelors Degree","Regional Comparison","43.9% Above Median"
"404","life_expE","51003010902","Albemarle County","Census Tract 109.02, Albemarle County, Virginia","Average Life Expectancy","Regional Comparison",NA
"405","hhincE","51003010902","Albemarle County","Census Tract 109.02, Albemarle County, Virginia","Median Household Income","Regional Comparison","36.3% Below Median"
"406","badegreeE","51003010903","Albemarle County","Census Tract 109.03, Albemarle County, Virginia","% with Bachelors Degree","Regional Comparison","51.7% Above Median"
"407","life_expE","51003010903","Albemarle County","Census Tract 109.03, Albemarle County, Virginia","Average Life Expectancy","Regional Comparison",NA
"408","hhincE","51003010903","Albemarle County","Census Tract 109.03, Albemarle County, Virginia","Median Household Income","Regional Comparison","96.1% Below Median"
"409","badegreeE","51003011000","Albemarle County","Census Tract 110, Albemarle County, Virginia","% with Bachelors Degree","Regional Comparison","107.6% Above Median"
"410","life_expE","51003011000","Albemarle County","Census Tract 110, Albemarle County, Virginia","Average Life Expectancy","Regional Comparison","8.3% Above Median"
"411","hhincE","51003011000","Albemarle County","Census Tract 110, Albemarle County, Virginia","Median Household Income","Regional Comparison","128.8% Above Median"
"412","badegreeE","51003011100","Albemarle County","Census Tract 111, Albemarle County, Virginia","% with Bachelors Degree","Regional Comparison","61.4% Above Median"
"413","life_expE","51003011100","Albemarle County","Census Tract 111, Albemarle County, Virginia","Average Life Expectancy","Regional Comparison","1.3% Above Median"
"414","hhincE","51003011100","Albemarle County","Census Tract 111, Albemarle County, Virginia","Median Household Income","Regional Comparison","19.3% Above Median"
"415","badegreeE","51003011201","Albemarle County","Census Tract 112.01, Albemarle County, Virginia","% with Bachelors Degree","Regional Comparison","29.5% Above Median"
"416","life_expE","51003011201","Albemarle County","Census Tract 112.01, Albemarle County, Virginia","Average Life Expectancy","Regional Comparison","1.5% Below Median"
"417","hhincE","51003011201","Albemarle County","Census Tract 112.01, Albemarle County, Virginia","Median Household Income","Regional Comparison","19.3% Above Median"
"418","badegreeE","51003011202","Albemarle County","Census Tract 112.02, Albemarle County, Virginia","% with Bachelors Degree","Regional Comparison","83.8% Above Median"
"419","life_expE","51003011202","Albemarle County","Census Tract 112.02, Albemarle County, Virginia","Average Life Expectancy","Regional Comparison","9.3% Above Median"
"420","hhincE","51003011202","Albemarle County","Census Tract 112.02, Albemarle County, Virginia","Median Household Income","Regional Comparison","90.9% Above Median"
"421","badegreeE","51003011301","Albemarle County","Census Tract 113.01, Albemarle County, Virginia","% with Bachelors Degree","Regional Comparison","12.3% Below Median"
"422","life_expE","51003011301","Albemarle County","Census Tract 113.01, Albemarle County, Virginia","Average Life Expectancy","Regional Comparison","5.5% Above Median"
"423","hhincE","51003011301","Albemarle County","Census Tract 113.01, Albemarle County, Virginia","Median Household Income","Regional Comparison","14.8% Above Median"
"424","badegreeE","51003011302","Albemarle County","Census Tract 113.02, Albemarle County, Virginia","% with Bachelors Degree","Regional Comparison","11.5% Above Median"
"425","life_expE","51003011302","Albemarle County","Census Tract 113.02, Albemarle County, Virginia","Average Life Expectancy","Regional Comparison","5.3% Below Median"
"426","hhincE","51003011302","Albemarle County","Census Tract 113.02, Albemarle County, Virginia","Median Household Income","Regional Comparison","5% Below Median"
"427","badegreeE","51003011303","Albemarle County","Census Tract 113.03, Albemarle County, Virginia","% with Bachelors Degree","Regional Comparison","61.1% Above Median"
"428","life_expE","51003011303","Albemarle County","Census Tract 113.03, Albemarle County, Virginia","Average Life Expectancy","Regional Comparison","0.4% Above Median"
"429","hhincE","51003011303","Albemarle County","Census Tract 113.03, Albemarle County, Virginia","Median Household Income","Regional Comparison","28% Above Median"
"430","badegreeE","51003011400","Albemarle County","Census Tract 114, Albemarle County, Virginia","% with Bachelors Degree","Regional Comparison","28.5% Below Median"
"431","life_expE","51003011400","Albemarle County","Census Tract 114, Albemarle County, Virginia","Average Life Expectancy","Regional Comparison","0.9% Below Median"
"432","hhincE","51003011400","Albemarle County","Census Tract 114, Albemarle County, Virginia","Median Household Income","Regional Comparison","15.5% Below Median"
"433","badegreeE","51029930101","Buckingham County","Census Tract 9301.01, Buckingham County, Virginia","% with Bachelors Degree","Regional Comparison","76% Below Median"
"434","life_expE","51029930101","Buckingham County","Census Tract 9301.01, Buckingham County, Virginia","Average Life Expectancy","Regional Comparison","3.1% Below Median"
"435","hhincE","51029930101","Buckingham County","Census Tract 9301.01, Buckingham County, Virginia","Median Household Income","Regional Comparison","28.9% Below Median"
"436","badegreeE","51029930102","Buckingham County","Census Tract 9301.02, Buckingham County, Virginia","% with Bachelors Degree","Regional Comparison","64.2% Below Median"
"437","life_expE","51029930102","Buckingham County","Census Tract 9301.02, Buckingham County, Virginia","Average Life Expectancy","Regional Comparison","5% Below Median"
"438","hhincE","51029930102","Buckingham County","Census Tract 9301.02, Buckingham County, Virginia","Median Household Income","Regional Comparison","33.4% Below Median"
"439","badegreeE","51029930201","Buckingham County","Census Tract 9302.01, Buckingham County, Virginia","% with Bachelors Degree","Regional Comparison","83.6% Below Median"
"440","life_expE","51029930201","Buckingham County","Census Tract 9302.01, Buckingham County, Virginia","Average Life Expectancy","Regional Comparison","2% Below Median"
"441","hhincE","51029930201","Buckingham County","Census Tract 9302.01, Buckingham County, Virginia","Median Household Income","Regional Comparison","24.6% Below Median"
"442","badegreeE","51029930202","Buckingham County","Census Tract 9302.02, Buckingham County, Virginia","% with Bachelors Degree","Regional Comparison","52.5% Below Median"
"443","life_expE","51029930202","Buckingham County","Census Tract 9302.02, Buckingham County, Virginia","Average Life Expectancy","Regional Comparison","0.8% Above Median"
"444","hhincE","51029930202","Buckingham County","Census Tract 9302.02, Buckingham County, Virginia","Median Household Income","Regional Comparison","19.8% Below Median"
"445","badegreeE","51065020101","Fluvanna County","Census Tract 201.01, Fluvanna County, Virginia","% with Bachelors Degree","Regional Comparison","35% Below Median"
"446","life_expE","51065020101","Fluvanna County","Census Tract 201.01, Fluvanna County, Virginia","Average Life Expectancy","Regional Comparison","2.3% Below Median"
"447","hhincE","51065020101","Fluvanna County","Census Tract 201.01, Fluvanna County, Virginia","Median Household Income","Regional Comparison","23.2% Above Median"
"448","badegreeE","51065020102","Fluvanna County","Census Tract 201.02, Fluvanna County, Virginia","% with Bachelors Degree","Regional Comparison","25.6% Above Median"
"449","life_expE","51065020102","Fluvanna County","Census Tract 201.02, Fluvanna County, Virginia","Average Life Expectancy","Regional Comparison","7% Above Median"
"450","hhincE","51065020102","Fluvanna County","Census Tract 201.02, Fluvanna County, Virginia","Median Household Income","Regional Comparison","21.3% Above Median"
"451","badegreeE","51065020200","Fluvanna County","Census Tract 202, Fluvanna County, Virginia","% with Bachelors Degree","Regional Comparison","28.2% Below Median"
"452","life_expE","51065020200","Fluvanna County","Census Tract 202, Fluvanna County, Virginia","Average Life Expectancy","Regional Comparison","3.6% Below Median"
"453","hhincE","51065020200","Fluvanna County","Census Tract 202, Fluvanna County, Virginia","Median Household Income","Regional Comparison","7.8% Above Median"
"454","badegreeE","51065020300","Fluvanna County","Census Tract 203, Fluvanna County, Virginia","% with Bachelors Degree","Regional Comparison","29% Below Median"
"455","life_expE","51065020300","Fluvanna County","Census Tract 203, Fluvanna County, Virginia","Average Life Expectancy","Regional Comparison",NA
"456","hhincE","51065020300","Fluvanna County","Census Tract 203, Fluvanna County, Virginia","Median Household Income","Regional Comparison","7.9% Above Median"
"457","badegreeE","51079030101","Greene County","Census Tract 301.01, Greene County, Virginia","% with Bachelors Degree","Regional Comparison","42% Below Median"
"458","life_expE","51079030101","Greene County","Census Tract 301.01, Greene County, Virginia","Average Life Expectancy","Regional Comparison","5.6% Below Median"
"459","hhincE","51079030101","Greene County","Census Tract 301.01, Greene County, Virginia","Median Household Income","Regional Comparison","16% Below Median"
"460","badegreeE","51079030102","Greene County","Census Tract 301.02, Greene County, Virginia","% with Bachelors Degree","Regional Comparison","41.8% Below Median"
"461","life_expE","51079030102","Greene County","Census Tract 301.02, Greene County, Virginia","Average Life Expectancy","Regional Comparison","6.3% Above Median"
"462","hhincE","51079030102","Greene County","Census Tract 301.02, Greene County, Virginia","Median Household Income","Regional Comparison","6.1% Below Median"
"463","badegreeE","51079030200","Greene County","Census Tract 302, Greene County, Virginia","% with Bachelors Degree","Regional Comparison","14.6% Below Median"
"464","life_expE","51079030200","Greene County","Census Tract 302, Greene County, Virginia","Average Life Expectancy","Regional Comparison","2.4% Above Median"
"465","hhincE","51079030200","Greene County","Census Tract 302, Greene County, Virginia","Median Household Income","Regional Comparison","16.9% Above Median"
"466","badegreeE","51109950100","Louisa County","Census Tract 9501, Louisa County, Virginia","% with Bachelors Degree","Regional Comparison","39.7% Below Median"
"467","life_expE","51109950100","Louisa County","Census Tract 9501, Louisa County, Virginia","Average Life Expectancy","Regional Comparison","0.1% Above Median"
"468","hhincE","51109950100","Louisa County","Census Tract 9501, Louisa County, Virginia","Median Household Income","Regional Comparison","8% Above Median"
"469","badegreeE","51109950201","Louisa County","Census Tract 9502.01, Louisa County, Virginia","% with Bachelors Degree","Regional Comparison","43.3% Below Median"
"470","life_expE","51109950201","Louisa County","Census Tract 9502.01, Louisa County, Virginia","Average Life Expectancy","Regional Comparison","4.8% Below Median"
"471","hhincE","51109950201","Louisa County","Census Tract 9502.01, Louisa County, Virginia","Median Household Income","Regional Comparison","34.4% Below Median"
"472","badegreeE","51109950202","Louisa County","Census Tract 9502.02, Louisa County, Virginia","% with Bachelors Degree","Regional Comparison","32.4% Below Median"
"473","life_expE","51109950202","Louisa County","Census Tract 9502.02, Louisa County, Virginia","Average Life Expectancy","Regional Comparison","0.4% Above Median"
"474","hhincE","51109950202","Louisa County","Census Tract 9502.02, Louisa County, Virginia","Median Household Income","Regional Comparison","0% Above Median"
"475","badegreeE","51109950300","Louisa County","Census Tract 9503, Louisa County, Virginia","% with Bachelors Degree","Regional Comparison","30.5% Below Median"
"476","life_expE","51109950300","Louisa County","Census Tract 9503, Louisa County, Virginia","Average Life Expectancy","Regional Comparison","2.6% Below Median"
"477","hhincE","51109950300","Louisa County","Census Tract 9503, Louisa County, Virginia","Median Household Income","Regional Comparison","3.1% Below Median"
"478","badegreeE","51109950400","Louisa County","Census Tract 9504, Louisa County, Virginia","% with Bachelors Degree","Regional Comparison","17.2% Below Median"
"479","life_expE","51109950400","Louisa County","Census Tract 9504, Louisa County, Virginia","Average Life Expectancy","Regional Comparison","4.6% Below Median"
"480","hhincE","51109950400","Louisa County","Census Tract 9504, Louisa County, Virginia","Median Household Income","Regional Comparison","7.9% Below Median"
"481","badegreeE","51109950500","Louisa County","Census Tract 9505, Louisa County, Virginia","% with Bachelors Degree","Regional Comparison","63.2% Below Median"
"482","life_expE","51109950500","Louisa County","Census Tract 9505, Louisa County, Virginia","Average Life Expectancy","Regional Comparison","4.5% Below Median"
"483","hhincE","51109950500","Louisa County","Census Tract 9505, Louisa County, Virginia","Median Household Income","Regional Comparison","11.7% Below Median"
"484","badegreeE","51113930100","Madison County","Census Tract 9301, Madison County, Virginia","% with Bachelors Degree","Regional Comparison","31.1% Below Median"
"485","life_expE","51113930100","Madison County","Census Tract 9301, Madison County, Virginia","Average Life Expectancy","Regional Comparison","0.9% Above Median"
"486","hhincE","51113930100","Madison County","Census Tract 9301, Madison County, Virginia","Median Household Income","Regional Comparison","0.8% Below Median"
"487","badegreeE","51113930200","Madison County","Census Tract 9302, Madison County, Virginia","% with Bachelors Degree","Regional Comparison","44.6% Below Median"
"488","life_expE","51113930200","Madison County","Census Tract 9302, Madison County, Virginia","Average Life Expectancy","Regional Comparison","4.6% Below Median"
"489","hhincE","51113930200","Madison County","Census Tract 9302, Madison County, Virginia","Median Household Income","Regional Comparison","23.5% Below Median"
"490","badegreeE","51125950100","Nelson County","Census Tract 9501, Nelson County, Virginia","% with Bachelors Degree","Regional Comparison","69.7% Below Median"
"491","life_expE","51125950100","Nelson County","Census Tract 9501, Nelson County, Virginia","Average Life Expectancy","Regional Comparison","8% Below Median"
"492","hhincE","51125950100","Nelson County","Census Tract 9501, Nelson County, Virginia","Median Household Income","Regional Comparison","20.3% Below Median"
"493","badegreeE","51125950200","Nelson County","Census Tract 9502, Nelson County, Virginia","% with Bachelors Degree","Regional Comparison","34.5% Above Median"
"494","life_expE","51125950200","Nelson County","Census Tract 9502, Nelson County, Virginia","Average Life Expectancy","Regional Comparison","3.4% Above Median"
"495","hhincE","51125950200","Nelson County","Census Tract 9502, Nelson County, Virginia","Median Household Income","Regional Comparison","17.7% Above Median"
"496","badegreeE","51125950300","Nelson County","Census Tract 9503, Nelson County, Virginia","% with Bachelors Degree","Regional Comparison","24.3% Below Median"
"497","life_expE","51125950300","Nelson County","Census Tract 9503, Nelson County, Virginia","Average Life Expectancy","Regional Comparison","2.6% Below Median"
"498","hhincE","51125950300","Nelson County","Census Tract 9503, Nelson County, Virginia","Median Household Income","Regional Comparison","6.8% Below Median"
"499","badegreeE","51137110102","Orange County","Census Tract 1101.02, Orange County, Virginia","% with Bachelors Degree","Regional Comparison","67.4% Below Median"
"500","life_expE","51137110102","Orange County","Census Tract 1101.02, Orange County, Virginia","Average Life Expectancy","Regional Comparison","5.8% Below Median"
"501","hhincE","51137110102","Orange County","Census Tract 1101.02, Orange County, Virginia","Median Household Income","Regional Comparison","1.2% Above Median"
"502","badegreeE","51137110103","Orange County","Census Tract 1101.03, Orange County, Virginia","% with Bachelors Degree","Regional Comparison","1.8% Below Median"
"503","life_expE","51137110103","Orange County","Census Tract 1101.03, Orange County, Virginia","Average Life Expectancy","Regional Comparison","3.1% Above Median"
"504","hhincE","51137110103","Orange County","Census Tract 1101.03, Orange County, Virginia","Median Household Income","Regional Comparison","30.6% Above Median"
"505","badegreeE","51137110104","Orange County","Census Tract 1101.04, Orange County, Virginia","% with Bachelors Degree","Regional Comparison","48.8% Below Median"
"506","life_expE","51137110104","Orange County","Census Tract 1101.04, Orange County, Virginia","Average Life Expectancy","Regional Comparison","0% Above Median"
"507","hhincE","51137110104","Orange County","Census Tract 1101.04, Orange County, Virginia","Median Household Income","Regional Comparison","14.6% Above Median"
"508","badegreeE","51137110200","Orange County","Census Tract 1102, Orange County, Virginia","% with Bachelors Degree","Regional Comparison","36.3% Below Median"
"509","life_expE","51137110200","Orange County","Census Tract 1102, Orange County, Virginia","Average Life Expectancy","Regional Comparison","3.8% Below Median"
"510","hhincE","51137110200","Orange County","Census Tract 1102, Orange County, Virginia","Median Household Income","Regional Comparison","30% Below Median"
"511","badegreeE","51137110300","Orange County","Census Tract 1103, Orange County, Virginia","% with Bachelors Degree","Regional Comparison","46% Below Median"
"512","life_expE","51137110300","Orange County","Census Tract 1103, Orange County, Virginia","Average Life Expectancy","Regional Comparison","1.4% Below Median"
"513","hhincE","51137110300","Orange County","Census Tract 1103, Orange County, Virginia","Median Household Income","Regional Comparison","1.9% Below Median"
"514","badegreeE","51540000201","Charlottesville","Census Tract 2.01, Charlottesville city, Virginia","% with Bachelors Degree","Regional Comparison","53% Above Median"
"515","life_expE","51540000201","Charlottesville","Census Tract 2.01, Charlottesville city, Virginia","Average Life Expectancy","Regional Comparison","1.3% Below Median"
"516","hhincE","51540000201","Charlottesville","Census Tract 2.01, Charlottesville city, Virginia","Median Household Income","Regional Comparison","9.2% Below Median"
"517","badegreeE","51540000202","Charlottesville","Census Tract 2.02, Charlottesville city, Virginia","% with Bachelors Degree","Regional Comparison","20.4% Below Median"
"518","life_expE","51540000202","Charlottesville","Census Tract 2.02, Charlottesville city, Virginia","Average Life Expectancy","Regional Comparison",NA
"519","hhincE","51540000202","Charlottesville","Census Tract 2.02, Charlottesville city, Virginia","Median Household Income","Regional Comparison","64.1% Below Median"
"520","badegreeE","51540000302","Charlottesville","Census Tract 3.02, Charlottesville city, Virginia","% with Bachelors Degree","Regional Comparison","32.4% Above Median"
"521","life_expE","51540000302","Charlottesville","Census Tract 3.02, Charlottesville city, Virginia","Average Life Expectancy","Regional Comparison","0.9% Above Median"
"522","hhincE","51540000302","Charlottesville","Census Tract 3.02, Charlottesville city, Virginia","Median Household Income","Regional Comparison","0.7% Below Median"
"523","badegreeE","51540000401","Charlottesville","Census Tract 4.01, Charlottesville city, Virginia","% with Bachelors Degree","Regional Comparison","0.5% Above Median"
"524","life_expE","51540000401","Charlottesville","Census Tract 4.01, Charlottesville city, Virginia","Average Life Expectancy","Regional Comparison","7.5% Below Median"
"525","hhincE","51540000401","Charlottesville","Census Tract 4.01, Charlottesville city, Virginia","Median Household Income","Regional Comparison","18.4% Below Median"
"526","badegreeE","51540000402","Charlottesville","Census Tract 4.02, Charlottesville city, Virginia","% with Bachelors Degree","Regional Comparison","0% Above Median"
"527","life_expE","51540000402","Charlottesville","Census Tract 4.02, Charlottesville city, Virginia","Average Life Expectancy","Regional Comparison","4.3% Below Median"
"528","hhincE","51540000402","Charlottesville","Census Tract 4.02, Charlottesville city, Virginia","Median Household Income","Regional Comparison","8.4% Below Median"
"529","badegreeE","51540000501","Charlottesville","Census Tract 5.01, Charlottesville city, Virginia","% with Bachelors Degree","Regional Comparison","17.2% Below Median"
"530","life_expE","51540000501","Charlottesville","Census Tract 5.01, Charlottesville city, Virginia","Average Life Expectancy","Regional Comparison","4.1% Below Median"
"531","hhincE","51540000501","Charlottesville","Census Tract 5.01, Charlottesville city, Virginia","Median Household Income","Regional Comparison","37.2% Below Median"
"532","badegreeE","51540000502","Charlottesville","Census Tract 5.02, Charlottesville city, Virginia","% with Bachelors Degree","Regional Comparison","59% Above Median"
"533","life_expE","51540000502","Charlottesville","Census Tract 5.02, Charlottesville city, Virginia","Average Life Expectancy","Regional Comparison","0.1% Above Median"
"534","hhincE","51540000502","Charlottesville","Census Tract 5.02, Charlottesville city, Virginia","Median Household Income","Regional Comparison","37.8% Above Median"
"535","badegreeE","51540000600","Charlottesville","Census Tract 6, Charlottesville city, Virginia","% with Bachelors Degree","Regional Comparison","67.1% Above Median"
"536","life_expE","51540000600","Charlottesville","Census Tract 6, Charlottesville city, Virginia","Average Life Expectancy","Regional Comparison",NA
"537","hhincE","51540000600","Charlottesville","Census Tract 6, Charlottesville city, Virginia","Median Household Income","Regional Comparison","50.7% Below Median"
"538","badegreeE","51540000700","Charlottesville","Census Tract 7, Charlottesville city, Virginia","% with Bachelors Degree","Regional Comparison","115.4% Above Median"
"539","life_expE","51540000700","Charlottesville","Census Tract 7, Charlottesville city, Virginia","Average Life Expectancy","Regional Comparison","3.6% Above Median"
"540","hhincE","51540000700","Charlottesville","Census Tract 7, Charlottesville city, Virginia","Median Household Income","Regional Comparison","23% Above Median"
"541","badegreeE","51540000800","Charlottesville","Census Tract 8, Charlottesville city, Virginia","% with Bachelors Degree","Regional Comparison","35% Above Median"
"542","life_expE","51540000800","Charlottesville","Census Tract 8, Charlottesville city, Virginia","Average Life Expectancy","Regional Comparison","0.4% Below Median"
"543","hhincE","51540000800","Charlottesville","Census Tract 8, Charlottesville city, Virginia","Median Household Income","Regional Comparison","17.9% Above Median"
"544","badegreeE","51540000900","Charlottesville","Census Tract 9, Charlottesville city, Virginia","% with Bachelors Degree","Regional Comparison","36.3% Above Median"
"545","life_expE","51540000900","Charlottesville","Census Tract 9, Charlottesville city, Virginia","Average Life Expectancy","Regional Comparison","2% Above Median"
"546","hhincE","51540000900","Charlottesville","Census Tract 9, Charlottesville city, Virginia","Median Household Income","Regional Comparison","13.2% Above Median"
"547","badegreeE","51540001000","Charlottesville","Census Tract 10, Charlottesville city, Virginia","% with Bachelors Degree","Regional Comparison","94.3% Above Median"
"548","life_expE","51540001000","Charlottesville","Census Tract 10, Charlottesville city, Virginia","Average Life Expectancy","Regional Comparison","3.5% Above Median"
"549","hhincE","51540001000","Charlottesville","Census Tract 10, Charlottesville city, Virginia","Median Household Income","Regional Comparison","19.4% Above Median"
